[2026-07-17 21:58:30] production.ERROR: The /workspaces/vortice-pulse-app/bootstrap/cache directory must be present and writable. {"exception":"[object] (Exception(code: 0): The /workspaces/vortice-pulse-app/bootstrap/cache directory must be present and writable. at /workspaces/vortice-pulse-app/vendor/laravel/framework/src/Illuminate/Foundation/PackageManifest.php:179)
[stacktrace]
#0 /workspaces/vortice-pulse-app/vendor/laravel/framework/src/Illuminate/Foundation/PackageManifest.php(132): Illuminate\\Foundation\\PackageManifest->write()
#1 /workspaces/vortice-pulse-app/vendor/laravel/framework/src/Illuminate/Foundation/PackageManifest.php(108): Illuminate\\Foundation\\PackageManifest->build()
#2 /workspaces/vortice-pulse-app/vendor/laravel/framework/src/Illuminate/Foundation/PackageManifest.php(91): Illuminate\\Foundation\\PackageManifest->getManifest()
#3 /workspaces/vortice-pulse-app/vendor/laravel/framework/src/Illuminate/Foundation/PackageManifest.php(80): Illuminate\\Foundation\\PackageManifest->config()
#4 /workspaces/vortice-pulse-app/vendor/laravel/framework/src/Illuminate/Foundation/Bootstrap/RegisterFacades.php(26): Illuminate\\Foundation\\PackageManifest->aliases()
#5 /workspaces/vortice-pulse-app/vendor/laravel/framework/src/Illuminate/Foundation/Application.php(342): Illuminate\\Foundation\\Bootstrap\\RegisterFacades->bootstrap()
#6 /workspaces/vortice-pulse-app/vendor/laravel/framework/src/Illuminate/Foundation/Console/Kernel.php(474): Illuminate\\Foundation\\Application->bootstrapWith()
#7 /workspaces/vortice-pulse-app/vendor/laravel/framework/src/Illuminate/Foundation/Console/Kernel.php(196): Illuminate\\Foundation\\Console\\Kernel->bootstrap()
#8 /workspaces/vortice-pulse-app/artisan(18): Illuminate\\Foundation\\Console\\Kernel->handle()
#9 {main}
"} 
[2026-07-17 21:59:05] production.ERROR: foreach() argument must be of type array|object, int given {"exception":"[object] (ErrorException(code: 0): foreach() argument must be of type array|object, int given at /workspaces/vortice-pulse-app/vendor/laravel/framework/src/Illuminate/Foundation/Bootstrap/RegisterProviders.php:51)
[stacktrace]
#0 /workspaces/vortice-pulse-app/vendor/laravel/framework/src/Illuminate/Foundation/Bootstrap/HandleExceptions.php(258): Illuminate\\Foundation\\Bootstrap\\HandleExceptions->handleError()
#1 /workspaces/vortice-pulse-app/vendor/laravel/framework/src/Illuminate/Foundation/Bootstrap/RegisterProviders.php(51): Illuminate\\Foundation\\Bootstrap\\HandleExceptions->Illuminate\\Foundation\\Bootstrap\\{closure}()
#2 /workspaces/vortice-pulse-app/vendor/laravel/framework/src/Illuminate/Foundation/Bootstrap/RegisterProviders.php(34): Illuminate\\Foundation\\Bootstrap\\RegisterProviders->mergeAdditionalProviders()
#3 /workspaces/vortice-pulse-app/vendor/laravel/framework/src/Illuminate/Foundation/Application.php(342): Illuminate\\Foundation\\Bootstrap\\RegisterProviders->bootstrap()
#4 /workspaces/vortice-pulse-app/vendor/laravel/framework/src/Illuminate/Foundation/Console/Kernel.php(474): Illuminate\\Foundation\\Application->bootstrapWith()
#5 /workspaces/vortice-pulse-app/vendor/laravel/framework/src/Illuminate/Foundation/Console/Kernel.php(196): Illuminate\\Foundation\\Console\\Kernel->bootstrap()
#6 /workspaces/vortice-pulse-app/artisan(18): Illuminate\\Foundation\\Console\\Kernel->handle()
#7 {main}
"} 
[2026-07-17 21:59:33] production.ERROR: require(/workspaces/vortice-pulse-app/bootstrap/../routes/web.php): Failed to open stream: No such file or directory {"exception":"[object] (ErrorException(code: 0): require(/workspaces/vortice-pulse-app/bootstrap/../routes/web.php): Failed to open stream: No such file or directory at /workspaces/vortice-pulse-app/vendor/laravel/framework/src/Illuminate/Routing/RouteFileRegistrar.php:35)
[stacktrace]
#0 /workspaces/vortice-pulse-app/vendor/laravel/framework/src/Illuminate/Foundation/Bootstrap/HandleExceptions.php(258): Illuminate\\Foundation\\Bootstrap\\HandleExceptions->handleError()
#1 /workspaces/vortice-pulse-app/vendor/laravel/framework/src/Illuminate/Routing/RouteFileRegistrar.php(35): Illuminate\\Foundation\\Bootstrap\\HandleExceptions->Illuminate\\Foundation\\Bootstrap\\{closure}()
#2 /workspaces/vortice-pulse-app/vendor/laravel/framework/src/Illuminate/Routing/RouteFileRegistrar.php(35): require('...')
#3 /workspaces/vortice-pulse-app/vendor/laravel/framework/src/Illuminate/Routing/Router.php(513): Illuminate\\Routing\\RouteFileRegistrar->register()
#4 /workspaces/vortice-pulse-app/vendor/laravel/framework/src/Illuminate/Routing/Router.php(467): Illuminate\\Routing\\Router->loadRoutes()
#5 /workspaces/vortice-pulse-app/vendor/laravel/framework/src/Illuminate/Routing/RouteRegistrar.php(207): Illuminate\\Routing\\Router->group()
#6 /workspaces/vortice-pulse-app/vendor/laravel/framework/src/Illuminate/Foundation/Configuration/ApplicationBuilder.php(248): Illuminate\\Routing\\RouteRegistrar->group()
#7 /workspaces/vortice-pulse-app/vendor/laravel/framework/src/Illuminate/Container/BoundMethod.php(36): Illuminate\\Foundation\\Configuration\\ApplicationBuilder->Illuminate\\Foundation\\Configuration\\{closure}()
#8 /workspaces/vortice-pulse-app/vendor/laravel/framework/src/Illuminate/Container/Util.php(43): Illuminate\\Container\\BoundMethod::Illuminate\\Container\\{closure}()
#9 /workspaces/vortice-pulse-app/vendor/laravel/framework/src/Illuminate/Container/BoundMethod.php(83): Illuminate\\Container\\Util::unwrapIfClosure()
#10 /workspaces/vortice-pulse-app/vendor/laravel/framework/src/Illuminate/Container/BoundMethod.php(35): Illuminate\\Container\\BoundMethod::callBoundMethod()
#11 /workspaces/vortice-pulse-app/vendor/laravel/framework/src/Illuminate/Container/Container.php(696): Illuminate\\Container\\BoundMethod::call()
#12 /workspaces/vortice-pulse-app/vendor/laravel/framework/src/Illuminate/Foundation/Support/Providers/RouteServiceProvider.php(162): Illuminate\\Container\\Container->call()
#13 /workspaces/vortice-pulse-app/vendor/laravel/framework/src/Illuminate/Foundation/Support/Providers/RouteServiceProvider.php(59): Illuminate\\Foundation\\Support\\Providers\\RouteServiceProvider->loadRoutes()
#14 /workspaces/vortice-pulse-app/vendor/laravel/framework/src/Illuminate/Container/BoundMethod.php(36): Illuminate\\Foundation\\Support\\Providers\\RouteServiceProvider->Illuminate\\Foundation\\Support\\Providers\\{closure}()
#15 /workspaces/vortice-pulse-app/vendor/laravel/framework/src/Illuminate/Container/Util.php(43): Illuminate\\Container\\BoundMethod::Illuminate\\Container\\{closure}()
#16 /workspaces/vortice-pulse-app/vendor/laravel/framework/src/Illuminate/Container/BoundMethod.php(83): Illuminate\\Container\\Util::unwrapIfClosure()
#17 /workspaces/vortice-pulse-app/vendor/laravel/framework/src/Illuminate/Container/BoundMethod.php(35): Illuminate\\Container\\BoundMethod::callBoundMethod()
#18 /workspaces/vortice-pulse-app/vendor/laravel/framework/src/Illuminate/Container/Container.php(696): Illuminate\\Container\\BoundMethod::call()
#19 /workspaces/vortice-pulse-app/vendor/laravel/framework/src/Illuminate/Support/ServiceProvider.php(144): Illuminate\\Container\\Container->call()
#20 /workspaces/vortice-pulse-app/vendor/laravel/framework/src/Illuminate/Foundation/Application.php(1154): Illuminate\\Support\\ServiceProvider->callBootedCallbacks()
#21 /workspaces/vortice-pulse-app/vendor/laravel/framework/src/Illuminate/Foundation/Application.php(1132): Illuminate\\Foundation\\Application->bootProvider()
#22 [internal function]: Illuminate\\Foundation\\Application->Illuminate\\Foundation\\{closure}()
#23 /workspaces/vortice-pulse-app/vendor/laravel/framework/src/Illuminate/Foundation/Application.php(1131): array_walk()
#24 /workspaces/vortice-pulse-app/vendor/laravel/framework/src/Illuminate/Foundation/Bootstrap/BootProviders.php(17): Illuminate\\Foundation\\Application->boot()
#25 /workspaces/vortice-pulse-app/vendor/laravel/framework/src/Illuminate/Foundation/Application.php(342): Illuminate\\Foundation\\Bootstrap\\BootProviders->bootstrap()
#26 /workspaces/vortice-pulse-app/vendor/laravel/framework/src/Illuminate/Foundation/Console/Kernel.php(474): Illuminate\\Foundation\\Application->bootstrapWith()
#27 /workspaces/vortice-pulse-app/vendor/laravel/framework/src/Illuminate/Foundation/Console/Kernel.php(196): Illuminate\\Foundation\\Console\\Kernel->bootstrap()
#28 /workspaces/vortice-pulse-app/artisan(18): Illuminate\\Foundation\\Console\\Kernel->handle()
#29 {main}
"} 
[2026-07-17 23:29:44] production.ERROR: The provided cwd "/workspaces/vortice-pulse-app/public" does not exist. {"exception":"[object] (Symfony\\Component\\Process\\Exception\\RuntimeException(code: 0): The provided cwd \"/workspaces/vortice-pulse-app/public\" does not exist. at /workspaces/vortice-pulse-app/vendor/symfony/process/Process.php:371)
[stacktrace]
#0 /workspaces/vortice-pulse-app/vendor/laravel/framework/src/Illuminate/Foundation/Console/ServeCommand.php(190): Symfony\\Component\\Process\\Process->start()
#1 /workspaces/vortice-pulse-app/vendor/laravel/framework/src/Illuminate/Foundation/Console/ServeCommand.php(129): Illuminate\\Foundation\\Console\\ServeCommand->startProcess()
#2 /workspaces/vortice-pulse-app/vendor/laravel/framework/src/Illuminate/Container/BoundMethod.php(36): Illuminate\\Foundation\\Console\\ServeCommand->handle()
#3 /workspaces/vortice-pulse-app/vendor/laravel/framework/src/Illuminate/Container/Util.php(43): Illuminate\\Container\\BoundMethod::Illuminate\\Container\\{closure}()
#4 /workspaces/vortice-pulse-app/vendor/laravel/framework/src/Illuminate/Container/BoundMethod.php(95): Illuminate\\Container\\Util::unwrapIfClosure()
#5 /workspaces/vortice-pulse-app/vendor/laravel/framework/src/Illuminate/Container/BoundMethod.php(35): Illuminate\\Container\\BoundMethod::callBoundMethod()
#6 /workspaces/vortice-pulse-app/vendor/laravel/framework/src/Illuminate/Container/Container.php(696): Illuminate\\Container\\BoundMethod::call()
#7 /workspaces/vortice-pulse-app/vendor/laravel/framework/src/Illuminate/Console/Command.php(213): Illuminate\\Container\\Container->call()
#8 /workspaces/vortice-pulse-app/vendor/symfony/console/Command/Command.php(341): Illuminate\\Console\\Command->execute()
#9 /workspaces/vortice-pulse-app/vendor/laravel/framework/src/Illuminate/Console/Command.php(182): Symfony\\Component\\Console\\Command\\Command->run()
#10 /workspaces/vortice-pulse-app/vendor/symfony/console/Application.php(1117): Illuminate\\Console\\Command->run()
#11 /workspaces/vortice-pulse-app/vendor/symfony/console/Application.php(356): Symfony\\Component\\Console\\Application->doRunCommand()
#12 /workspaces/vortice-pulse-app/vendor/symfony/console/Application.php(195): Symfony\\Component\\Console\\Application->doRun()
#13 /workspaces/vortice-pulse-app/vendor/laravel/framework/src/Illuminate/Foundation/Console/Kernel.php(198): Symfony\\Component\\Console\\Application->run()
#14 /workspaces/vortice-pulse-app/artisan(18): Illuminate\\Foundation\\Console\\Kernel->handle()
#15 {main}
"} 
[2026-07-17 23:32:04] production.ERROR: The provided cwd "/workspaces/vortice-pulse-app/public" does not exist. {"exception":"[object] (Symfony\\Component\\Process\\Exception\\RuntimeException(code: 0): The provided cwd \"/workspaces/vortice-pulse-app/public\" does not exist. at /workspaces/vortice-pulse-app/vendor/symfony/process/Process.php:371)
[stacktrace]
#0 /workspaces/vortice-pulse-app/vendor/laravel/framework/src/Illuminate/Foundation/Console/ServeCommand.php(190): Symfony\\Component\\Process\\Process->start()
#1 /workspaces/vortice-pulse-app/vendor/laravel/framework/src/Illuminate/Foundation/Console/ServeCommand.php(129): Illuminate\\Foundation\\Console\\ServeCommand->startProcess()
#2 /workspaces/vortice-pulse-app/vendor/laravel/framework/src/Illuminate/Container/BoundMethod.php(36): Illuminate\\Foundation\\Console\\ServeCommand->handle()
#3 /workspaces/vortice-pulse-app/vendor/laravel/framework/src/Illuminate/Container/Util.php(43): Illuminate\\Container\\BoundMethod::Illuminate\\Container\\{closure}()
#4 /workspaces/vortice-pulse-app/vendor/laravel/framework/src/Illuminate/Container/BoundMethod.php(95): Illuminate\\Container\\Util::unwrapIfClosure()
#5 /workspaces/vortice-pulse-app/vendor/laravel/framework/src/Illuminate/Container/BoundMethod.php(35): Illuminate\\Container\\BoundMethod::callBoundMethod()
#6 /workspaces/vortice-pulse-app/vendor/laravel/framework/src/Illuminate/Container/Container.php(696): Illuminate\\Container\\BoundMethod::call()
#7 /workspaces/vortice-pulse-app/vendor/laravel/framework/src/Illuminate/Console/Command.php(213): Illuminate\\Container\\Container->call()
#8 /workspaces/vortice-pulse-app/vendor/symfony/console/Command/Command.php(341): Illuminate\\Console\\Command->execute()
#9 /workspaces/vortice-pulse-app/vendor/laravel/framework/src/Illuminate/Console/Command.php(182): Symfony\\Component\\Console\\Command\\Command->run()
#10 /workspaces/vortice-pulse-app/vendor/symfony/console/Application.php(1117): Illuminate\\Console\\Command->run()
#11 /workspaces/vortice-pulse-app/vendor/symfony/console/Application.php(356): Symfony\\Component\\Console\\Application->doRunCommand()
#12 /workspaces/vortice-pulse-app/vendor/symfony/console/Application.php(195): Symfony\\Component\\Console\\Application->doRun()
#13 /workspaces/vortice-pulse-app/vendor/laravel/framework/src/Illuminate/Foundation/Console/Kernel.php(198): Symfony\\Component\\Console\\Application->run()
#14 /workspaces/vortice-pulse-app/artisan(18): Illuminate\\Foundation\\Console\\Kernel->handle()
#15 {main}
"} 
[2026-07-17 23:32:13] production.ERROR: There are no commands defined in the "reverb" namespace. {"exception":"[object] (Symfony\\Component\\Console\\Exception\\NamespaceNotFoundException(code: 0): There are no commands defined in the \"reverb\" namespace. at /workspaces/vortice-pulse-app/vendor/symfony/console/Application.php:694)
[stacktrace]
#0 /workspaces/vortice-pulse-app/vendor/symfony/console/Application.php(743): Symfony\\Component\\Console\\Application->findNamespace()
#1 /workspaces/vortice-pulse-app/vendor/symfony/console/Application.php(298): Symfony\\Component\\Console\\Application->find()
#2 /workspaces/vortice-pulse-app/vendor/symfony/console/Application.php(195): Symfony\\Component\\Console\\Application->doRun()
#3 /workspaces/vortice-pulse-app/vendor/laravel/framework/src/Illuminate/Foundation/Console/Kernel.php(198): Symfony\\Component\\Console\\Application->run()
#4 /workspaces/vortice-pulse-app/artisan(18): Illuminate\\Foundation\\Console\\Kernel->handle()
#5 {main}
"} 
[2026-07-17 23:34:32] production.ERROR: There are no commands defined in the "reverb" namespace. {"exception":"[object] (Symfony\\Component\\Console\\Exception\\NamespaceNotFoundException(code: 0): There are no commands defined in the \"reverb\" namespace. at /workspaces/vortice-pulse-app/vendor/symfony/console/Application.php:694)
[stacktrace]
#0 /workspaces/vortice-pulse-app/vendor/symfony/console/Application.php(743): Symfony\\Component\\Console\\Application->findNamespace()
#1 /workspaces/vortice-pulse-app/vendor/symfony/console/Application.php(298): Symfony\\Component\\Console\\Application->find()
#2 /workspaces/vortice-pulse-app/vendor/symfony/console/Application.php(195): Symfony\\Component\\Console\\Application->doRun()
#3 /workspaces/vortice-pulse-app/vendor/laravel/framework/src/Illuminate/Foundation/Console/Kernel.php(198): Symfony\\Component\\Console\\Application->run()
#4 /workspaces/vortice-pulse-app/artisan(18): Illuminate\\Foundation\\Console\\Kernel->handle()
#5 {main}
"} 
[2026-07-17 23:35:01] production.ERROR: The "--reverb" option does not exist. {"exception":"[object] (Symfony\\Component\\Console\\Exception\\RuntimeException(code: 0): The \"--reverb\" option does not exist. at /workspaces/vortice-pulse-app/vendor/symfony/console/Input/ArgvInput.php:226)
[stacktrace]
#0 /workspaces/vortice-pulse-app/vendor/symfony/console/Input/ArgvInput.php(155): Symfony\\Component\\Console\\Input\\ArgvInput->addLongOption()
#1 /workspaces/vortice-pulse-app/vendor/symfony/console/Input/ArgvInput.php(88): Symfony\\Component\\Console\\Input\\ArgvInput->parseLongOption()
#2 /workspaces/vortice-pulse-app/vendor/symfony/console/Input/ArgvInput.php(77): Symfony\\Component\\Console\\Input\\ArgvInput->parseToken()
#3 /workspaces/vortice-pulse-app/vendor/symfony/console/Input/Input.php(53): Symfony\\Component\\Console\\Input\\ArgvInput->parse()
#4 /workspaces/vortice-pulse-app/vendor/symfony/console/Command/Command.php(295): Symfony\\Component\\Console\\Input\\Input->bind()
#5 /workspaces/vortice-pulse-app/vendor/laravel/framework/src/Illuminate/Console/Command.php(182): Symfony\\Component\\Console\\Command\\Command->run()
#6 /workspaces/vortice-pulse-app/vendor/symfony/console/Application.php(1117): Illuminate\\Console\\Command->run()
#7 /workspaces/vortice-pulse-app/vendor/symfony/console/Application.php(356): Symfony\\Component\\Console\\Application->doRunCommand()
#8 /workspaces/vortice-pulse-app/vendor/symfony/console/Application.php(195): Symfony\\Component\\Console\\Application->doRun()
#9 /workspaces/vortice-pulse-app/vendor/laravel/framework/src/Illuminate/Foundation/Console/Kernel.php(198): Symfony\\Component\\Console\\Application->run()
#10 /workspaces/vortice-pulse-app/artisan(18): Illuminate\\Foundation\\Console\\Kernel->handle()
#11 {main}
"} 
[2026-07-17 23:35:11] production.ERROR: copy(/workspaces/vortice-pulse-app/config/broadcasting.php): Failed to open stream: No such file or directory {"exception":"[object] (ErrorException(code: 0): copy(/workspaces/vortice-pulse-app/config/broadcasting.php): Failed to open stream: No such file or directory at /workspaces/vortice-pulse-app/vendor/laravel/framework/src/Illuminate/Foundation/Console/ConfigPublishCommand.php:81)
[stacktrace]
#0 /workspaces/vortice-pulse-app/vendor/laravel/framework/src/Illuminate/Foundation/Bootstrap/HandleExceptions.php(258): Illuminate\\Foundation\\Bootstrap\\HandleExceptions->handleError()
#1 [internal function]: Illuminate\\Foundation\\Bootstrap\\HandleExceptions->Illuminate\\Foundation\\Bootstrap\\{closure}()
#2 /workspaces/vortice-pulse-app/vendor/laravel/framework/src/Illuminate/Foundation/Console/ConfigPublishCommand.php(81): copy()
#3 /workspaces/vortice-pulse-app/vendor/laravel/framework/src/Illuminate/Foundation/Console/ConfigPublishCommand.php(62): Illuminate\\Foundation\\Console\\ConfigPublishCommand->publish()
#4 /workspaces/vortice-pulse-app/vendor/laravel/framework/src/Illuminate/Container/BoundMethod.php(36): Illuminate\\Foundation\\Console\\ConfigPublishCommand->handle()
#5 /workspaces/vortice-pulse-app/vendor/laravel/framework/src/Illuminate/Container/Util.php(43): Illuminate\\Container\\BoundMethod::Illuminate\\Container\\{closure}()
#6 /workspaces/vortice-pulse-app/vendor/laravel/framework/src/Illuminate/Container/BoundMethod.php(95): Illuminate\\Container\\Util::unwrapIfClosure()
#7 /workspaces/vortice-pulse-app/vendor/laravel/framework/src/Illuminate/Container/BoundMethod.php(35): Illuminate\\Container\\BoundMethod::callBoundMethod()
#8 /workspaces/vortice-pulse-app/vendor/laravel/framework/src/Illuminate/Container/Container.php(696): Illuminate\\Container\\BoundMethod::call()
#9 /workspaces/vortice-pulse-app/vendor/laravel/framework/src/Illuminate/Console/Command.php(213): Illuminate\\Container\\Container->call()
#10 /workspaces/vortice-pulse-app/vendor/symfony/console/Command/Command.php(341): Illuminate\\Console\\Command->execute()
#11 /workspaces/vortice-pulse-app/vendor/laravel/framework/src/Illuminate/Console/Command.php(182): Symfony\\Component\\Console\\Command\\Command->run()
#12 /workspaces/vortice-pulse-app/vendor/laravel/framework/src/Illuminate/Console/Concerns/CallsCommands.php(68): Illuminate\\Console\\Command->run()
#13 /workspaces/vortice-pulse-app/vendor/laravel/framework/src/Illuminate/Console/Concerns/CallsCommands.php(29): Illuminate\\Console\\Command->runCommand()
#14 /workspaces/vortice-pulse-app/vendor/laravel/framework/src/Illuminate/Foundation/Console/BroadcastingInstallCommand.php(45): Illuminate\\Console\\Command->call()
#15 /workspaces/vortice-pulse-app/vendor/laravel/framework/src/Illuminate/Container/BoundMethod.php(36): Illuminate\\Foundation\\Console\\BroadcastingInstallCommand->handle()
#16 /workspaces/vortice-pulse-app/vendor/laravel/framework/src/Illuminate/Container/Util.php(43): Illuminate\\Container\\BoundMethod::Illuminate\\Container\\{closure}()
#17 /workspaces/vortice-pulse-app/vendor/laravel/framework/src/Illuminate/Container/BoundMethod.php(95): Illuminate\\Container\\Util::unwrapIfClosure()
#18 /workspaces/vortice-pulse-app/vendor/laravel/framework/src/Illuminate/Container/BoundMethod.php(35): Illuminate\\Container\\BoundMethod::callBoundMethod()
#19 /workspaces/vortice-pulse-app/vendor/laravel/framework/src/Illuminate/Container/Container.php(696): Illuminate\\Container\\BoundMethod::call()
#20 /workspaces/vortice-pulse-app/vendor/laravel/framework/src/Illuminate/Console/Command.php(213): Illuminate\\Container\\Container->call()
#21 /workspaces/vortice-pulse-app/vendor/symfony/console/Command/Command.php(341): Illuminate\\Console\\Command->execute()
#22 /workspaces/vortice-pulse-app/vendor/laravel/framework/src/Illuminate/Console/Command.php(182): Symfony\\Component\\Console\\Command\\Command->run()
#23 /workspaces/vortice-pulse-app/vendor/symfony/console/Application.php(1117): Illuminate\\Console\\Command->run()
#24 /workspaces/vortice-pulse-app/vendor/symfony/console/Application.php(356): Symfony\\Component\\Console\\Application->doRunCommand()
#25 /workspaces/vortice-pulse-app/vendor/symfony/console/Application.php(195): Symfony\\Component\\Console\\Application->doRun()
#26 /workspaces/vortice-pulse-app/vendor/laravel/framework/src/Illuminate/Foundation/Console/Kernel.php(198): Symfony\\Component\\Console\\Application->run()
#27 /workspaces/vortice-pulse-app/artisan(18): Illuminate\\Foundation\\Console\\Kernel->handle()
#28 {main}
"} 
[2026-07-17 23:36:18] production.ERROR: There are no commands defined in the "reverb" namespace. {"exception":"[object] (Symfony\\Component\\Console\\Exception\\NamespaceNotFoundException(code: 0): There are no commands defined in the \"reverb\" namespace. at /workspaces/vortice-pulse-app/vendor/symfony/console/Application.php:694)
[stacktrace]
#0 /workspaces/vortice-pulse-app/vendor/symfony/console/Application.php(743): Symfony\\Component\\Console\\Application->findNamespace()
#1 /workspaces/vortice-pulse-app/vendor/symfony/console/Application.php(298): Symfony\\Component\\Console\\Application->find()
#2 /workspaces/vortice-pulse-app/vendor/symfony/console/Application.php(195): Symfony\\Component\\Console\\Application->doRun()
#3 /workspaces/vortice-pulse-app/vendor/laravel/framework/src/Illuminate/Foundation/Console/Kernel.php(198): Symfony\\Component\\Console\\Application->run()
#4 /workspaces/vortice-pulse-app/artisan(18): Illuminate\\Foundation\\Console\\Kernel->handle()
#5 {main}
"} 
[2026-07-17 23:37:25] production.ERROR: Please provide a valid cache path. {"exception":"[object] (InvalidArgumentException(code: 0): Please provide a valid cache path. at /workspaces/vortice-pulse-app/vendor/laravel/framework/src/Illuminate/View/Compilers/Compiler.php:67)
[stacktrace]
#0 /workspaces/vortice-pulse-app/vendor/laravel/framework/src/Illuminate/View/ViewServiceProvider.php(97): Illuminate\\View\\Compilers\\Compiler->__construct()
#1 /workspaces/vortice-pulse-app/vendor/laravel/framework/src/Illuminate/Container/Container.php(952): Illuminate\\View\\ViewServiceProvider->Illuminate\\View\\{closure}()
#2 /workspaces/vortice-pulse-app/vendor/laravel/framework/src/Illuminate/Container/Container.php(832): Illuminate\\Container\\Container->build()
#3 /workspaces/vortice-pulse-app/vendor/laravel/framework/src/Illuminate/Foundation/Application.php(1078): Illuminate\\Container\\Container->resolve()
#4 /workspaces/vortice-pulse-app/vendor/laravel/framework/src/Illuminate/Container/Container.php(763): Illuminate\\Foundation\\Application->resolve()
#5 /workspaces/vortice-pulse-app/vendor/laravel/framework/src/Illuminate/Foundation/Application.php(1058): Illuminate\\Container\\Container->make()
#6 /workspaces/vortice-pulse-app/vendor/laravel/framework/src/Illuminate/View/ViewServiceProvider.php(168): Illuminate\\Foundation\\Application->make()
#7 [internal function]: Illuminate\\View\\ViewServiceProvider->Illuminate\\View\\{closure}()
#8 /workspaces/vortice-pulse-app/vendor/laravel/framework/src/Illuminate/View/Engines/EngineResolver.php(55): call_user_func()
#9 /workspaces/vortice-pulse-app/vendor/laravel/framework/src/Illuminate/View/Factory.php(326): Illuminate\\View\\Engines\\EngineResolver->resolve()
#10 /workspaces/vortice-pulse-app/vendor/laravel/framework/src/Illuminate/View/Factory.php(288): Illuminate\\View\\Factory->getEngineFromPath()
#11 /workspaces/vortice-pulse-app/vendor/laravel/framework/src/Illuminate/View/Factory.php(160): Illuminate\\View\\Factory->viewInstance()
#12 /workspaces/vortice-pulse-app/vendor/laravel/framework/src/Illuminate/Routing/ResponseFactory.php(90): Illuminate\\View\\Factory->make()
#13 /workspaces/vortice-pulse-app/vendor/laravel/framework/src/Illuminate/Foundation/Exceptions/Handler.php(894): Illuminate\\Routing\\ResponseFactory->view()
#14 /workspaces/vortice-pulse-app/vendor/laravel/framework/src/Illuminate/Foundation/Exceptions/Handler.php(815): Illuminate\\Foundation\\Exceptions\\Handler->renderHttpException()
#15 /workspaces/vortice-pulse-app/vendor/laravel/framework/src/Illuminate/Foundation/Exceptions/Handler.php(706): Illuminate\\Foundation\\Exceptions\\Handler->prepareResponse()
#16 /workspaces/vortice-pulse-app/vendor/laravel/framework/src/Illuminate/Foundation/Exceptions/Handler.php(594): Illuminate\\Foundation\\Exceptions\\Handler->renderExceptionResponse()
#17 /workspaces/vortice-pulse-app/vendor/laravel/framework/src/Illuminate/Routing/Pipeline.php(51): Illuminate\\Foundation\\Exceptions\\Handler->render()
#18 /workspaces/vortice-pulse-app/vendor/laravel/framework/src/Illuminate/Pipeline/Pipeline.php(172): Illuminate\\Routing\\Pipeline->handleException()
#19 /workspaces/vortice-pulse-app/vendor/laravel/framework/src/Illuminate/Foundation/Http/Middleware/TransformsRequest.php(21): Illuminate\\Pipeline\\Pipeline->Illuminate\\Pipeline\\{closure}()
#20 /workspaces/vortice-pulse-app/vendor/laravel/framework/src/Illuminate/Foundation/Http/Middleware/ConvertEmptyStringsToNull.php(31): Illuminate\\Foundation\\Http\\Middleware\\TransformsRequest->handle()
#21 /workspaces/vortice-pulse-app/vendor/laravel/framework/src/Illuminate/Pipeline/Pipeline.php(209): Illuminate\\Foundation\\Http\\Middleware\\ConvertEmptyStringsToNull->handle()
#22 /workspaces/vortice-pulse-app/vendor/laravel/framework/src/Illuminate/Foundation/Http/Middleware/TransformsRequest.php(21): Illuminate\\Pipeline\\Pipeline->Illuminate\\Pipeline\\{closure}()
#23 /workspaces/vortice-pulse-app/vendor/laravel/framework/src/Illuminate/Foundation/Http/Middleware/TrimStrings.php(51): Illuminate\\Foundation\\Http\\Middleware\\TransformsRequest->handle()
#24 /workspaces/vortice-pulse-app/vendor/laravel/framework/src/Illuminate/Pipeline/Pipeline.php(209): Illuminate\\Foundation\\Http\\Middleware\\TrimStrings->handle()
#25 /workspaces/vortice-pulse-app/vendor/laravel/framework/src/Illuminate/Http/Middleware/ValidatePostSize.php(27): Illuminate\\Pipeline\\Pipeline->Illuminate\\Pipeline\\{closure}()
#26 /workspaces/vortice-pulse-app/vendor/laravel/framework/src/Illuminate/Pipeline/Pipeline.php(209): Illuminate\\Http\\Middleware\\ValidatePostSize->handle()
#27 /workspaces/vortice-pulse-app/vendor/laravel/framework/src/Illuminate/Foundation/Http/Middleware/PreventRequestsDuringMaintenance.php(110): Illuminate\\Pipeline\\Pipeline->Illuminate\\Pipeline\\{closure}()
#28 /workspaces/vortice-pulse-app/vendor/laravel/framework/src/Illuminate/Pipeline/Pipeline.php(209): Illuminate\\Foundation\\Http\\Middleware\\PreventRequestsDuringMaintenance->handle()
#29 /workspaces/vortice-pulse-app/vendor/laravel/framework/src/Illuminate/Http/Middleware/HandleCors.php(49): Illuminate\\Pipeline\\Pipeline->Illuminate\\Pipeline\\{closure}()
#30 /workspaces/vortice-pulse-app/vendor/laravel/framework/src/Illuminate/Pipeline/Pipeline.php(209): Illuminate\\Http\\Middleware\\HandleCors->handle()
#31 /workspaces/vortice-pulse-app/vendor/laravel/framework/src/Illuminate/Http/Middleware/TrustProxies.php(58): Illuminate\\Pipeline\\Pipeline->Illuminate\\Pipeline\\{closure}()
#32 /workspaces/vortice-pulse-app/vendor/laravel/framework/src/Illuminate/Pipeline/Pipeline.php(209): Illuminate\\Http\\Middleware\\TrustProxies->handle()
#33 /workspaces/vortice-pulse-app/vendor/laravel/framework/src/Illuminate/Foundation/Http/Middleware/InvokeDeferredCallbacks.php(22): Illuminate\\Pipeline\\Pipeline->Illuminate\\Pipeline\\{closure}()
#34 /workspaces/vortice-pulse-app/vendor/laravel/framework/src/Illuminate/Pipeline/Pipeline.php(209): Illuminate\\Foundation\\Http\\Middleware\\InvokeDeferredCallbacks->handle()
#35 /workspaces/vortice-pulse-app/vendor/laravel/framework/src/Illuminate/Pipeline/Pipeline.php(127): Illuminate\\Pipeline\\Pipeline->Illuminate\\Pipeline\\{closure}()
#36 /workspaces/vortice-pulse-app/vendor/laravel/framework/src/Illuminate/Foundation/Http/Kernel.php(176): Illuminate\\Pipeline\\Pipeline->then()
#37 /workspaces/vortice-pulse-app/vendor/laravel/framework/src/Illuminate/Foundation/Http/Kernel.php(145): Illuminate\\Foundation\\Http\\Kernel->sendRequestThroughRouter()
#38 /workspaces/vortice-pulse-app/vendor/laravel/framework/src/Illuminate/Foundation/Application.php(1220): Illuminate\\Foundation\\Http\\Kernel->handle()
#39 /workspaces/vortice-pulse-app/public/index.php(17): Illuminate\\Foundation\\Application->handleRequest()
#40 /workspaces/vortice-pulse-app/vendor/laravel/framework/src/Illuminate/Foundation/resources/server.php(23): require_once('...')
#41 {main}
"} 
[2026-07-17 23:37:29] production.ERROR: No application encryption key has been specified. {"exception":"[object] (Illuminate\\Encryption\\MissingAppKeyException(code: 0): No application encryption key has been specified. at /workspaces/vortice-pulse-app/vendor/laravel/framework/src/Illuminate/Encryption/EncryptionServiceProvider.php:83)
[stacktrace]
#0 /workspaces/vortice-pulse-app/vendor/laravel/framework/src/Illuminate/Support/helpers.php(399): Illuminate\\Encryption\\EncryptionServiceProvider->Illuminate\\Encryption\\{closure}()
#1 /workspaces/vortice-pulse-app/vendor/laravel/framework/src/Illuminate/Encryption/EncryptionServiceProvider.php(81): tap()
#2 /workspaces/vortice-pulse-app/vendor/laravel/framework/src/Illuminate/Encryption/EncryptionServiceProvider.php(64): Illuminate\\Encryption\\EncryptionServiceProvider->key()
#3 /workspaces/vortice-pulse-app/vendor/laravel/framework/src/Illuminate/Encryption/EncryptionServiceProvider.php(32): Illuminate\\Encryption\\EncryptionServiceProvider->parseKey()
#4 /workspaces/vortice-pulse-app/vendor/laravel/framework/src/Illuminate/Container/Container.php(952): Illuminate\\Encryption\\EncryptionServiceProvider->Illuminate\\Encryption\\{closure}()
#5 /workspaces/vortice-pulse-app/vendor/laravel/framework/src/Illuminate/Container/Container.php(832): Illuminate\\Container\\Container->build()
#6 /workspaces/vortice-pulse-app/vendor/laravel/framework/src/Illuminate/Foundation/Application.php(1078): Illuminate\\Container\\Container->resolve()
#7 /workspaces/vortice-pulse-app/vendor/laravel/framework/src/Illuminate/Container/Container.php(763): Illuminate\\Foundation\\Application->resolve()
#8 /workspaces/vortice-pulse-app/vendor/laravel/framework/src/Illuminate/Foundation/Application.php(1058): Illuminate\\Container\\Container->make()
#9 /workspaces/vortice-pulse-app/vendor/laravel/framework/src/Illuminate/Container/Container.php(1133): Illuminate\\Foundation\\Application->make()
#10 /workspaces/vortice-pulse-app/vendor/laravel/framework/src/Illuminate/Container/Container.php(1043): Illuminate\\Container\\Container->resolveClass()
#11 /workspaces/vortice-pulse-app/vendor/laravel/framework/src/Illuminate/Container/Container.php(994): Illuminate\\Container\\Container->resolveDependencies()
#12 /workspaces/vortice-pulse-app/vendor/laravel/framework/src/Illuminate/Container/Container.php(832): Illuminate\\Container\\Container->build()
#13 /workspaces/vortice-pulse-app/vendor/laravel/framework/src/Illuminate/Foundation/Application.php(1078): Illuminate\\Container\\Container->resolve()
#14 /workspaces/vortice-pulse-app/vendor/laravel/framework/src/Illuminate/Container/Container.php(763): Illuminate\\Foundation\\Application->resolve()
#15 /workspaces/vortice-pulse-app/vendor/laravel/framework/src/Illuminate/Foundation/Application.php(1058): Illuminate\\Container\\Container->make()
#16 /workspaces/vortice-pulse-app/vendor/laravel/framework/src/Illuminate/Pipeline/Pipeline.php(198): Illuminate\\Foundation\\Application->make()
#17 /workspaces/vortice-pulse-app/vendor/laravel/framework/src/Illuminate/Pipeline/Pipeline.php(127): Illuminate\\Pipeline\\Pipeline->Illuminate\\Pipeline\\{closure}()
#18 /workspaces/vortice-pulse-app/vendor/laravel/framework/src/Illuminate/Routing/Router.php(807): Illuminate\\Pipeline\\Pipeline->then()
#19 /workspaces/vortice-pulse-app/vendor/laravel/framework/src/Illuminate/Routing/Router.php(786): Illuminate\\Routing\\Router->runRouteWithinStack()
#20 /workspaces/vortice-pulse-app/vendor/laravel/framework/src/Illuminate/Routing/Router.php(750): Illuminate\\Routing\\Router->runRoute()
#21 /workspaces/vortice-pulse-app/vendor/laravel/framework/src/Illuminate/Routing/Router.php(739): Illuminate\\Routing\\Router->dispatchToRoute()
#22 /workspaces/vortice-pulse-app/vendor/laravel/framework/src/Illuminate/Foundation/Http/Kernel.php(201): Illuminate\\Routing\\Router->dispatch()
#23 /workspaces/vortice-pulse-app/vendor/laravel/framework/src/Illuminate/Pipeline/Pipeline.php(170): Illuminate\\Foundation\\Http\\Kernel->Illuminate\\Foundation\\Http\\{closure}()
#24 /workspaces/vortice-pulse-app/vendor/laravel/framework/src/Illuminate/Foundation/Http/Middleware/TransformsRequest.php(21): Illuminate\\Pipeline\\Pipeline->Illuminate\\Pipeline\\{closure}()
#25 /workspaces/vortice-pulse-app/vendor/laravel/framework/src/Illuminate/Foundation/Http/Middleware/ConvertEmptyStringsToNull.php(31): Illuminate\\Foundation\\Http\\Middleware\\TransformsRequest->handle()
#26 /workspaces/vortice-pulse-app/vendor/laravel/framework/src/Illuminate/Pipeline/Pipeline.php(209): Illuminate\\Foundation\\Http\\Middleware\\ConvertEmptyStringsToNull->handle()
#27 /workspaces/vortice-pulse-app/vendor/laravel/framework/src/Illuminate/Foundation/Http/Middleware/TransformsRequest.php(21): Illuminate\\Pipeline\\Pipeline->Illuminate\\Pipeline\\{closure}()
#28 /workspaces/vortice-pulse-app/vendor/laravel/framework/src/Illuminate/Foundation/Http/Middleware/TrimStrings.php(51): Illuminate\\Foundation\\Http\\Middleware\\TransformsRequest->handle()
#29 /workspaces/vortice-pulse-app/vendor/laravel/framework/src/Illuminate/Pipeline/Pipeline.php(209): Illuminate\\Foundation\\Http\\Middleware\\TrimStrings->handle()
#30 /workspaces/vortice-pulse-app/vendor/laravel/framework/src/Illuminate/Http/Middleware/ValidatePostSize.php(27): Illuminate\\Pipeline\\Pipeline->Illuminate\\Pipeline\\{closure}()
#31 /workspaces/vortice-pulse-app/vendor/laravel/framework/src/Illuminate/Pipeline/Pipeline.php(209): Illuminate\\Http\\Middleware\\ValidatePostSize->handle()
#32 /workspaces/vortice-pulse-app/vendor/laravel/framework/src/Illuminate/Foundation/Http/Middleware/PreventRequestsDuringMaintenance.php(110): Illuminate\\Pipeline\\Pipeline->Illuminate\\Pipeline\\{closure}()
#33 /workspaces/vortice-pulse-app/vendor/laravel/framework/src/Illuminate/Pipeline/Pipeline.php(209): Illuminate\\Foundation\\Http\\Middleware\\PreventRequestsDuringMaintenance->handle()
#34 /workspaces/vortice-pulse-app/vendor/laravel/framework/src/Illuminate/Http/Middleware/HandleCors.php(49): Illuminate\\Pipeline\\Pipeline->Illuminate\\Pipeline\\{closure}()
#35 /workspaces/vortice-pulse-app/vendor/laravel/framework/src/Illuminate/Pipeline/Pipeline.php(209): Illuminate\\Http\\Middleware\\HandleCors->handle()
#36 /workspaces/vortice-pulse-app/vendor/laravel/framework/src/Illuminate/Http/Middleware/TrustProxies.php(58): Illuminate\\Pipeline\\Pipeline->Illuminate\\Pipeline\\{closure}()
#37 /workspaces/vortice-pulse-app/vendor/laravel/framework/src/Illuminate/Pipeline/Pipeline.php(209): Illuminate\\Http\\Middleware\\TrustProxies->handle()
#38 /workspaces/vortice-pulse-app/vendor/laravel/framework/src/Illuminate/Foundation/Http/Middleware/InvokeDeferredCallbacks.php(22): Illuminate\\Pipeline\\Pipeline->Illuminate\\Pipeline\\{closure}()
#39 /workspaces/vortice-pulse-app/vendor/laravel/framework/src/Illuminate/Pipeline/Pipeline.php(209): Illuminate\\Foundation\\Http\\Middleware\\InvokeDeferredCallbacks->handle()
#40 /workspaces/vortice-pulse-app/vendor/laravel/framework/src/Illuminate/Pipeline/Pipeline.php(127): Illuminate\\Pipeline\\Pipeline->Illuminate\\Pipeline\\{closure}()
#41 /workspaces/vortice-pulse-app/vendor/laravel/framework/src/Illuminate/Foundation/Http/Kernel.php(176): Illuminate\\Pipeline\\Pipeline->then()
#42 /workspaces/vortice-pulse-app/vendor/laravel/framework/src/Illuminate/Foundation/Http/Kernel.php(145): Illuminate\\Foundation\\Http\\Kernel->sendRequestThroughRouter()
#43 /workspaces/vortice-pulse-app/vendor/laravel/framework/src/Illuminate/Foundation/Application.php(1220): Illuminate\\Foundation\\Http\\Kernel->handle()
#44 /workspaces/vortice-pulse-app/public/index.php(17): Illuminate\\Foundation\\Application->handleRequest()
#45 /workspaces/vortice-pulse-app/vendor/laravel/framework/src/Illuminate/Foundation/resources/server.php(23): require_once('...')
#46 {main}
"} 
[2026-07-17 23:37:29] production.ERROR: Please provide a valid cache path. {"exception":"[object] (InvalidArgumentException(code: 0): Please provide a valid cache path. at /workspaces/vortice-pulse-app/vendor/laravel/framework/src/Illuminate/View/Compilers/Compiler.php:67)
[stacktrace]
#0 /workspaces/vortice-pulse-app/vendor/laravel/framework/src/Illuminate/View/ViewServiceProvider.php(97): Illuminate\\View\\Compilers\\Compiler->__construct()
#1 /workspaces/vortice-pulse-app/vendor/laravel/framework/src/Illuminate/Container/Container.php(952): Illuminate\\View\\ViewServiceProvider->Illuminate\\View\\{closure}()
#2 /workspaces/vortice-pulse-app/vendor/laravel/framework/src/Illuminate/Container/Container.php(832): Illuminate\\Container\\Container->build()
#3 /workspaces/vortice-pulse-app/vendor/laravel/framework/src/Illuminate/Foundation/Application.php(1078): Illuminate\\Container\\Container->resolve()
#4 /workspaces/vortice-pulse-app/vendor/laravel/framework/src/Illuminate/Container/Container.php(763): Illuminate\\Foundation\\Application->resolve()
#5 /workspaces/vortice-pulse-app/vendor/laravel/framework/src/Illuminate/Foundation/Application.php(1058): Illuminate\\Container\\Container->make()
#6 /workspaces/vortice-pulse-app/vendor/laravel/framework/src/Illuminate/View/ViewServiceProvider.php(168): Illuminate\\Foundation\\Application->make()
#7 [internal function]: Illuminate\\View\\ViewServiceProvider->Illuminate\\View\\{closure}()
#8 /workspaces/vortice-pulse-app/vendor/laravel/framework/src/Illuminate/View/Engines/EngineResolver.php(55): call_user_func()
#9 /workspaces/vortice-pulse-app/vendor/laravel/framework/src/Illuminate/View/Factory.php(326): Illuminate\\View\\Engines\\EngineResolver->resolve()
#10 /workspaces/vortice-pulse-app/vendor/laravel/framework/src/Illuminate/View/Factory.php(288): Illuminate\\View\\Factory->getEngineFromPath()
#11 /workspaces/vortice-pulse-app/vendor/laravel/framework/src/Illuminate/View/Factory.php(160): Illuminate\\View\\Factory->viewInstance()
#12 /workspaces/vortice-pulse-app/vendor/laravel/framework/src/Illuminate/Routing/ResponseFactory.php(90): Illuminate\\View\\Factory->make()
#13 /workspaces/vortice-pulse-app/vendor/laravel/framework/src/Illuminate/Foundation/Exceptions/Handler.php(894): Illuminate\\Routing\\ResponseFactory->view()
#14 /workspaces/vortice-pulse-app/vendor/laravel/framework/src/Illuminate/Foundation/Exceptions/Handler.php(815): Illuminate\\Foundation\\Exceptions\\Handler->renderHttpException()
#15 /workspaces/vortice-pulse-app/vendor/laravel/framework/src/Illuminate/Foundation/Exceptions/Handler.php(706): Illuminate\\Foundation\\Exceptions\\Handler->prepareResponse()
#16 /workspaces/vortice-pulse-app/vendor/laravel/framework/src/Illuminate/Foundation/Exceptions/Handler.php(594): Illuminate\\Foundation\\Exceptions\\Handler->renderExceptionResponse()
#17 /workspaces/vortice-pulse-app/vendor/laravel/framework/src/Illuminate/Routing/Pipeline.php(51): Illuminate\\Foundation\\Exceptions\\Handler->render()
#18 /workspaces/vortice-pulse-app/vendor/laravel/framework/src/Illuminate/Pipeline/Pipeline.php(214): Illuminate\\Routing\\Pipeline->handleException()
#19 /workspaces/vortice-pulse-app/vendor/laravel/framework/src/Illuminate/Pipeline/Pipeline.php(127): Illuminate\\Pipeline\\Pipeline->Illuminate\\Pipeline\\{closure}()
#20 /workspaces/vortice-pulse-app/vendor/laravel/framework/src/Illuminate/Routing/Router.php(807): Illuminate\\Pipeline\\Pipeline->then()
#21 /workspaces/vortice-pulse-app/vendor/laravel/framework/src/Illuminate/Routing/Router.php(786): Illuminate\\Routing\\Router->runRouteWithinStack()
#22 /workspaces/vortice-pulse-app/vendor/laravel/framework/src/Illuminate/Routing/Router.php(750): Illuminate\\Routing\\Router->runRoute()
#23 /workspaces/vortice-pulse-app/vendor/laravel/framework/src/Illuminate/Routing/Router.php(739): Illuminate\\Routing\\Router->dispatchToRoute()
#24 /workspaces/vortice-pulse-app/vendor/laravel/framework/src/Illuminate/Foundation/Http/Kernel.php(201): Illuminate\\Routing\\Router->dispatch()
#25 /workspaces/vortice-pulse-app/vendor/laravel/framework/src/Illuminate/Pipeline/Pipeline.php(170): Illuminate\\Foundation\\Http\\Kernel->Illuminate\\Foundation\\Http\\{closure}()
#26 /workspaces/vortice-pulse-app/vendor/laravel/framework/src/Illuminate/Foundation/Http/Middleware/TransformsRequest.php(21): Illuminate\\Pipeline\\Pipeline->Illuminate\\Pipeline\\{closure}()
#27 /workspaces/vortice-pulse-app/vendor/laravel/framework/src/Illuminate/Foundation/Http/Middleware/ConvertEmptyStringsToNull.php(31): Illuminate\\Foundation\\Http\\Middleware\\TransformsRequest->handle()
#28 /workspaces/vortice-pulse-app/vendor/laravel/framework/src/Illuminate/Pipeline/Pipeline.php(209): Illuminate\\Foundation\\Http\\Middleware\\ConvertEmptyStringsToNull->handle()
#29 /workspaces/vortice-pulse-app/vendor/laravel/framework/src/Illuminate/Foundation/Http/Middleware/TransformsRequest.php(21): Illuminate\\Pipeline\\Pipeline->Illuminate\\Pipeline\\{closure}()
#30 /workspaces/vortice-pulse-app/vendor/laravel/framework/src/Illuminate/Foundation/Http/Middleware/TrimStrings.php(51): Illuminate\\Foundation\\Http\\Middleware\\TransformsRequest->handle()
#31 /workspaces/vortice-pulse-app/vendor/laravel/framework/src/Illuminate/Pipeline/Pipeline.php(209): Illuminate\\Foundation\\Http\\Middleware\\TrimStrings->handle()
#32 /workspaces/vortice-pulse-app/vendor/laravel/framework/src/Illuminate/Http/Middleware/ValidatePostSize.php(27): Illuminate\\Pipeline\\Pipeline->Illuminate\\Pipeline\\{closure}()
#33 /workspaces/vortice-pulse-app/vendor/laravel/framework/src/Illuminate/Pipeline/Pipeline.php(209): Illuminate\\Http\\Middleware\\ValidatePostSize->handle()
#34 /workspaces/vortice-pulse-app/vendor/laravel/framework/src/Illuminate/Foundation/Http/Middleware/PreventRequestsDuringMaintenance.php(110): Illuminate\\Pipeline\\Pipeline->Illuminate\\Pipeline\\{closure}()
#35 /workspaces/vortice-pulse-app/vendor/laravel/framework/src/Illuminate/Pipeline/Pipeline.php(209): Illuminate\\Foundation\\Http\\Middleware\\PreventRequestsDuringMaintenance->handle()
#36 /workspaces/vortice-pulse-app/vendor/laravel/framework/src/Illuminate/Http/Middleware/HandleCors.php(49): Illuminate\\Pipeline\\Pipeline->Illuminate\\Pipeline\\{closure}()
#37 /workspaces/vortice-pulse-app/vendor/laravel/framework/src/Illuminate/Pipeline/Pipeline.php(209): Illuminate\\Http\\Middleware\\HandleCors->handle()
#38 /workspaces/vortice-pulse-app/vendor/laravel/framework/src/Illuminate/Http/Middleware/TrustProxies.php(58): Illuminate\\Pipeline\\Pipeline->Illuminate\\Pipeline\\{closure}()
#39 /workspaces/vortice-pulse-app/vendor/laravel/framework/src/Illuminate/Pipeline/Pipeline.php(209): Illuminate\\Http\\Middleware\\TrustProxies->handle()
#40 /workspaces/vortice-pulse-app/vendor/laravel/framework/src/Illuminate/Foundation/Http/Middleware/InvokeDeferredCallbacks.php(22): Illuminate\\Pipeline\\Pipeline->Illuminate\\Pipeline\\{closure}()
#41 /workspaces/vortice-pulse-app/vendor/laravel/framework/src/Illuminate/Pipeline/Pipeline.php(209): Illuminate\\Foundation\\Http\\Middleware\\InvokeDeferredCallbacks->handle()
#42 /workspaces/vortice-pulse-app/vendor/laravel/framework/src/Illuminate/Pipeline/Pipeline.php(127): Illuminate\\Pipeline\\Pipeline->Illuminate\\Pipeline\\{closure}()
#43 /workspaces/vortice-pulse-app/vendor/laravel/framework/src/Illuminate/Foundation/Http/Kernel.php(176): Illuminate\\Pipeline\\Pipeline->then()
#44 /workspaces/vortice-pulse-app/vendor/laravel/framework/src/Illuminate/Foundation/Http/Kernel.php(145): Illuminate\\Foundation\\Http\\Kernel->sendRequestThroughRouter()
#45 /workspaces/vortice-pulse-app/vendor/laravel/framework/src/Illuminate/Foundation/Application.php(1220): Illuminate\\Foundation\\Http\\Kernel->handle()
#46 /workspaces/vortice-pulse-app/public/index.php(17): Illuminate\\Foundation\\Application->handleRequest()
#47 /workspaces/vortice-pulse-app/vendor/laravel/framework/src/Illuminate/Foundation/resources/server.php(23): require_once('...')
#48 {main}
"} 
[2026-07-17 23:37:29] production.ERROR: No application encryption key has been specified. {"exception":"[object] (Illuminate\\Encryption\\MissingAppKeyException(code: 0): No application encryption key has been specified. at /workspaces/vortice-pulse-app/vendor/laravel/framework/src/Illuminate/Encryption/EncryptionServiceProvider.php:83)
[stacktrace]
#0 /workspaces/vortice-pulse-app/vendor/laravel/framework/src/Illuminate/Support/helpers.php(399): Illuminate\\Encryption\\EncryptionServiceProvider->Illuminate\\Encryption\\{closure}()
#1 /workspaces/vortice-pulse-app/vendor/laravel/framework/src/Illuminate/Encryption/EncryptionServiceProvider.php(81): tap()
#2 /workspaces/vortice-pulse-app/vendor/laravel/framework/src/Illuminate/Encryption/EncryptionServiceProvider.php(64): Illuminate\\Encryption\\EncryptionServiceProvider->key()
#3 /workspaces/vortice-pulse-app/vendor/laravel/framework/src/Illuminate/Encryption/EncryptionServiceProvider.php(32): Illuminate\\Encryption\\EncryptionServiceProvider->parseKey()
#4 /workspaces/vortice-pulse-app/vendor/laravel/framework/src/Illuminate/Container/Container.php(952): Illuminate\\Encryption\\EncryptionServiceProvider->Illuminate\\Encryption\\{closure}()
#5 /workspaces/vortice-pulse-app/vendor/laravel/framework/src/Illuminate/Container/Container.php(832): Illuminate\\Container\\Container->build()
#6 /workspaces/vortice-pulse-app/vendor/laravel/framework/src/Illuminate/Foundation/Application.php(1078): Illuminate\\Container\\Container->resolve()
#7 /workspaces/vortice-pulse-app/vendor/laravel/framework/src/Illuminate/Container/Container.php(763): Illuminate\\Foundation\\Application->resolve()
#8 /workspaces/vortice-pulse-app/vendor/laravel/framework/src/Illuminate/Foundation/Application.php(1058): Illuminate\\Container\\Container->make()
#9 /workspaces/vortice-pulse-app/vendor/laravel/framework/src/Illuminate/Container/Container.php(1133): Illuminate\\Foundation\\Application->make()
#10 /workspaces/vortice-pulse-app/vendor/laravel/framework/src/Illuminate/Container/Container.php(1043): Illuminate\\Container\\Container->resolveClass()
#11 /workspaces/vortice-pulse-app/vendor/laravel/framework/src/Illuminate/Container/Container.php(994): Illuminate\\Container\\Container->resolveDependencies()
#12 /workspaces/vortice-pulse-app/vendor/laravel/framework/src/Illuminate/Container/Container.php(832): Illuminate\\Container\\Container->build()
#13 /workspaces/vortice-pulse-app/vendor/laravel/framework/src/Illuminate/Foundation/Application.php(1078): Illuminate\\Container\\Container->resolve()
#14 /workspaces/vortice-pulse-app/vendor/laravel/framework/src/Illuminate/Container/Container.php(763): Illuminate\\Foundation\\Application->resolve()
#15 /workspaces/vortice-pulse-app/vendor/laravel/framework/src/Illuminate/Foundation/Application.php(1058): Illuminate\\Container\\Container->make()
#16 /workspaces/vortice-pulse-app/vendor/laravel/framework/src/Illuminate/Foundation/Http/Kernel.php(258): Illuminate\\Foundation\\Application->make()
#17 /workspaces/vortice-pulse-app/vendor/laravel/framework/src/Illuminate/Foundation/Http/Kernel.php(216): Illuminate\\Foundation\\Http\\Kernel->terminateMiddleware()
#18 /workspaces/vortice-pulse-app/vendor/laravel/framework/src/Illuminate/Foundation/Application.php(1222): Illuminate\\Foundation\\Http\\Kernel->terminate()
#19 /workspaces/vortice-pulse-app/public/index.php(17): Illuminate\\Foundation\\Application->handleRequest()
#20 /workspaces/vortice-pulse-app/vendor/laravel/framework/src/Illuminate/Foundation/resources/server.php(23): require_once('...')
#21 {main}
"} 
[2026-07-17 23:37:29] production.ERROR: Please provide a valid cache path. {"exception":"[object] (InvalidArgumentException(code: 0): Please provide a valid cache path. at /workspaces/vortice-pulse-app/vendor/laravel/framework/src/Illuminate/View/Compilers/Compiler.php:67)
[stacktrace]
#0 /workspaces/vortice-pulse-app/vendor/laravel/framework/src/Illuminate/View/ViewServiceProvider.php(97): Illuminate\\View\\Compilers\\Compiler->__construct()
#1 /workspaces/vortice-pulse-app/vendor/laravel/framework/src/Illuminate/Container/Container.php(952): Illuminate\\View\\ViewServiceProvider->Illuminate\\View\\{closure}()
#2 /workspaces/vortice-pulse-app/vendor/laravel/framework/src/Illuminate/Container/Container.php(832): Illuminate\\Container\\Container->build()
#3 /workspaces/vortice-pulse-app/vendor/laravel/framework/src/Illuminate/Foundation/Application.php(1078): Illuminate\\Container\\Container->resolve()
#4 /workspaces/vortice-pulse-app/vendor/laravel/framework/src/Illuminate/Container/Container.php(763): Illuminate\\Foundation\\Application->resolve()
#5 /workspaces/vortice-pulse-app/vendor/laravel/framework/src/Illuminate/Foundation/Application.php(1058): Illuminate\\Container\\Container->make()
#6 /workspaces/vortice-pulse-app/vendor/laravel/framework/src/Illuminate/View/ViewServiceProvider.php(168): Illuminate\\Foundation\\Application->make()
#7 [internal function]: Illuminate\\View\\ViewServiceProvider->Illuminate\\View\\{closure}()
#8 /workspaces/vortice-pulse-app/vendor/laravel/framework/src/Illuminate/View/Engines/EngineResolver.php(55): call_user_func()
#9 /workspaces/vortice-pulse-app/vendor/laravel/framework/src/Illuminate/View/Factory.php(319): Illuminate\\View\\Engines\\EngineResolver->resolve()
#10 /workspaces/vortice-pulse-app/vendor/laravel/framework/src/Illuminate/View/Factory.php(288): Illuminate\\View\\Factory->getEngineFromPath()
#11 /workspaces/vortice-pulse-app/vendor/laravel/framework/src/Illuminate/View/Factory.php(160): Illuminate\\View\\Factory->viewInstance()
#12 /workspaces/vortice-pulse-app/vendor/laravel/framework/src/Illuminate/Routing/ResponseFactory.php(90): Illuminate\\View\\Factory->make()
#13 /workspaces/vortice-pulse-app/vendor/laravel/framework/src/Illuminate/Foundation/Exceptions/Handler.php(894): Illuminate\\Routing\\ResponseFactory->view()
#14 /workspaces/vortice-pulse-app/vendor/laravel/framework/src/Illuminate/Foundation/Exceptions/Handler.php(815): Illuminate\\Foundation\\Exceptions\\Handler->renderHttpException()
#15 /workspaces/vortice-pulse-app/vendor/laravel/framework/src/Illuminate/Foundation/Exceptions/Handler.php(706): Illuminate\\Foundation\\Exceptions\\Handler->prepareResponse()
#16 /workspaces/vortice-pulse-app/vendor/laravel/framework/src/Illuminate/Foundation/Exceptions/Handler.php(594): Illuminate\\Foundation\\Exceptions\\Handler->renderExceptionResponse()
#17 /workspaces/vortice-pulse-app/vendor/laravel/framework/src/Illuminate/Foundation/Bootstrap/HandleExceptions.php(221): Illuminate\\Foundation\\Exceptions\\Handler->render()
#18 /workspaces/vortice-pulse-app/vendor/laravel/framework/src/Illuminate/Foundation/Bootstrap/HandleExceptions.php(198): Illuminate\\Foundation\\Bootstrap\\HandleExceptions->renderHttpResponse()
#19 /workspaces/vortice-pulse-app/vendor/laravel/framework/src/Illuminate/Foundation/Bootstrap/HandleExceptions.php(258): Illuminate\\Foundation\\Bootstrap\\HandleExceptions->handleException()
#20 [internal function]: Illuminate\\Foundation\\Bootstrap\\HandleExceptions->Illuminate\\Foundation\\Bootstrap\\{closure}()
#21 {main}
"} 
[2026-07-17 23:37:58] production.ERROR: No application encryption key has been specified. {"exception":"[object] (Illuminate\\Encryption\\MissingAppKeyException(code: 0): No application encryption key has been specified. at /workspaces/vortice-pulse-app/vendor/laravel/framework/src/Illuminate/Encryption/EncryptionServiceProvider.php:83)
[stacktrace]
#0 /workspaces/vortice-pulse-app/vendor/laravel/framework/src/Illuminate/Support/helpers.php(399): Illuminate\\Encryption\\EncryptionServiceProvider->Illuminate\\Encryption\\{closure}()
#1 /workspaces/vortice-pulse-app/vendor/laravel/framework/src/Illuminate/Encryption/EncryptionServiceProvider.php(81): tap()
#2 /workspaces/vortice-pulse-app/vendor/laravel/framework/src/Illuminate/Encryption/EncryptionServiceProvider.php(64): Illuminate\\Encryption\\EncryptionServiceProvider->key()
#3 /workspaces/vortice-pulse-app/vendor/laravel/framework/src/Illuminate/Encryption/EncryptionServiceProvider.php(32): Illuminate\\Encryption\\EncryptionServiceProvider->parseKey()
#4 /workspaces/vortice-pulse-app/vendor/laravel/framework/src/Illuminate/Container/Container.php(952): Illuminate\\Encryption\\EncryptionServiceProvider->Illuminate\\Encryption\\{closure}()
#5 /workspaces/vortice-pulse-app/vendor/laravel/framework/src/Illuminate/Container/Container.php(832): Illuminate\\Container\\Container->build()
#6 /workspaces/vortice-pulse-app/vendor/laravel/framework/src/Illuminate/Foundation/Application.php(1078): Illuminate\\Container\\Container->resolve()
#7 /workspaces/vortice-pulse-app/vendor/laravel/framework/src/Illuminate/Container/Container.php(763): Illuminate\\Foundation\\Application->resolve()
#8 /workspaces/vortice-pulse-app/vendor/laravel/framework/src/Illuminate/Foundation/Application.php(1058): Illuminate\\Container\\Container->make()
#9 /workspaces/vortice-pulse-app/vendor/laravel/framework/src/Illuminate/Container/Container.php(1133): Illuminate\\Foundation\\Application->make()
#10 /workspaces/vortice-pulse-app/vendor/laravel/framework/src/Illuminate/Container/Container.php(1043): Illuminate\\Container\\Container->resolveClass()
#11 /workspaces/vortice-pulse-app/vendor/laravel/framework/src/Illuminate/Container/Container.php(994): Illuminate\\Container\\Container->resolveDependencies()
#12 /workspaces/vortice-pulse-app/vendor/laravel/framework/src/Illuminate/Container/Container.php(832): Illuminate\\Container\\Container->build()
#13 /workspaces/vortice-pulse-app/vendor/laravel/framework/src/Illuminate/Foundation/Application.php(1078): Illuminate\\Container\\Container->resolve()
#14 /workspaces/vortice-pulse-app/vendor/laravel/framework/src/Illuminate/Container/Container.php(763): Illuminate\\Foundation\\Application->resolve()
#15 /workspaces/vortice-pulse-app/vendor/laravel/framework/src/Illuminate/Foundation/Application.php(1058): Illuminate\\Container\\Container->make()
#16 /workspaces/vortice-pulse-app/vendor/laravel/framework/src/Illuminate/Pipeline/Pipeline.php(198): Illuminate\\Foundation\\Application->make()
#17 /workspaces/vortice-pulse-app/vendor/laravel/framework/src/Illuminate/Pipeline/Pipeline.php(127): Illuminate\\Pipeline\\Pipeline->Illuminate\\Pipeline\\{closure}()
#18 /workspaces/vortice-pulse-app/vendor/laravel/framework/src/Illuminate/Routing/Router.php(807): Illuminate\\Pipeline\\Pipeline->then()
#19 /workspaces/vortice-pulse-app/vendor/laravel/framework/src/Illuminate/Routing/Router.php(786): Illuminate\\Routing\\Router->runRouteWithinStack()
#20 /workspaces/vortice-pulse-app/vendor/laravel/framework/src/Illuminate/Routing/Router.php(750): Illuminate\\Routing\\Router->runRoute()
#21 /workspaces/vortice-pulse-app/vendor/laravel/framework/src/Illuminate/Routing/Router.php(739): Illuminate\\Routing\\Router->dispatchToRoute()
#22 /workspaces/vortice-pulse-app/vendor/laravel/framework/src/Illuminate/Foundation/Http/Kernel.php(201): Illuminate\\Routing\\Router->dispatch()
#23 /workspaces/vortice-pulse-app/vendor/laravel/framework/src/Illuminate/Pipeline/Pipeline.php(170): Illuminate\\Foundation\\Http\\Kernel->Illuminate\\Foundation\\Http\\{closure}()
#24 /workspaces/vortice-pulse-app/vendor/laravel/framework/src/Illuminate/Foundation/Http/Middleware/TransformsRequest.php(21): Illuminate\\Pipeline\\Pipeline->Illuminate\\Pipeline\\{closure}()
#25 /workspaces/vortice-pulse-app/vendor/laravel/framework/src/Illuminate/Foundation/Http/Middleware/ConvertEmptyStringsToNull.php(31): Illuminate\\Foundation\\Http\\Middleware\\TransformsRequest->handle()
#26 /workspaces/vortice-pulse-app/vendor/laravel/framework/src/Illuminate/Pipeline/Pipeline.php(209): Illuminate\\Foundation\\Http\\Middleware\\ConvertEmptyStringsToNull->handle()
#27 /workspaces/vortice-pulse-app/vendor/laravel/framework/src/Illuminate/Foundation/Http/Middleware/TransformsRequest.php(21): Illuminate\\Pipeline\\Pipeline->Illuminate\\Pipeline\\{closure}()
#28 /workspaces/vortice-pulse-app/vendor/laravel/framework/src/Illuminate/Foundation/Http/Middleware/TrimStrings.php(51): Illuminate\\Foundation\\Http\\Middleware\\TransformsRequest->handle()
#29 /workspaces/vortice-pulse-app/vendor/laravel/framework/src/Illuminate/Pipeline/Pipeline.php(209): Illuminate\\Foundation\\Http\\Middleware\\TrimStrings->handle()
#30 /workspaces/vortice-pulse-app/vendor/laravel/framework/src/Illuminate/Http/Middleware/ValidatePostSize.php(27): Illuminate\\Pipeline\\Pipeline->Illuminate\\Pipeline\\{closure}()
#31 /workspaces/vortice-pulse-app/vendor/laravel/framework/src/Illuminate/Pipeline/Pipeline.php(209): Illuminate\\Http\\Middleware\\ValidatePostSize->handle()
#32 /workspaces/vortice-pulse-app/vendor/laravel/framework/src/Illuminate/Foundation/Http/Middleware/PreventRequestsDuringMaintenance.php(110): Illuminate\\Pipeline\\Pipeline->Illuminate\\Pipeline\\{closure}()
#33 /workspaces/vortice-pulse-app/vendor/laravel/framework/src/Illuminate/Pipeline/Pipeline.php(209): Illuminate\\Foundation\\Http\\Middleware\\PreventRequestsDuringMaintenance->handle()
#34 /workspaces/vortice-pulse-app/vendor/laravel/framework/src/Illuminate/Http/Middleware/HandleCors.php(49): Illuminate\\Pipeline\\Pipeline->Illuminate\\Pipeline\\{closure}()
#35 /workspaces/vortice-pulse-app/vendor/laravel/framework/src/Illuminate/Pipeline/Pipeline.php(209): Illuminate\\Http\\Middleware\\HandleCors->handle()
#36 /workspaces/vortice-pulse-app/vendor/laravel/framework/src/Illuminate/Http/Middleware/TrustProxies.php(58): Illuminate\\Pipeline\\Pipeline->Illuminate\\Pipeline\\{closure}()
#37 /workspaces/vortice-pulse-app/vendor/laravel/framework/src/Illuminate/Pipeline/Pipeline.php(209): Illuminate\\Http\\Middleware\\TrustProxies->handle()
#38 /workspaces/vortice-pulse-app/vendor/laravel/framework/src/Illuminate/Foundation/Http/Middleware/InvokeDeferredCallbacks.php(22): Illuminate\\Pipeline\\Pipeline->Illuminate\\Pipeline\\{closure}()
#39 /workspaces/vortice-pulse-app/vendor/laravel/framework/src/Illuminate/Pipeline/Pipeline.php(209): Illuminate\\Foundation\\Http\\Middleware\\InvokeDeferredCallbacks->handle()
#40 /workspaces/vortice-pulse-app/vendor/laravel/framework/src/Illuminate/Pipeline/Pipeline.php(127): Illuminate\\Pipeline\\Pipeline->Illuminate\\Pipeline\\{closure}()
#41 /workspaces/vortice-pulse-app/vendor/laravel/framework/src/Illuminate/Foundation/Http/Kernel.php(176): Illuminate\\Pipeline\\Pipeline->then()
#42 /workspaces/vortice-pulse-app/vendor/laravel/framework/src/Illuminate/Foundation/Http/Kernel.php(145): Illuminate\\Foundation\\Http\\Kernel->sendRequestThroughRouter()
#43 /workspaces/vortice-pulse-app/vendor/laravel/framework/src/Illuminate/Foundation/Application.php(1220): Illuminate\\Foundation\\Http\\Kernel->handle()
#44 /workspaces/vortice-pulse-app/public/index.php(17): Illuminate\\Foundation\\Application->handleRequest()
#45 /workspaces/vortice-pulse-app/vendor/laravel/framework/src/Illuminate/Foundation/resources/server.php(23): require_once('...')
#46 {main}
"} 
[2026-07-17 23:37:58] production.ERROR: Please provide a valid cache path. {"exception":"[object] (InvalidArgumentException(code: 0): Please provide a valid cache path. at /workspaces/vortice-pulse-app/vendor/laravel/framework/src/Illuminate/View/Compilers/Compiler.php:67)
[stacktrace]
#0 /workspaces/vortice-pulse-app/vendor/laravel/framework/src/Illuminate/View/ViewServiceProvider.php(97): Illuminate\\View\\Compilers\\Compiler->__construct()
#1 /workspaces/vortice-pulse-app/vendor/laravel/framework/src/Illuminate/Container/Container.php(952): Illuminate\\View\\ViewServiceProvider->Illuminate\\View\\{closure}()
#2 /workspaces/vortice-pulse-app/vendor/laravel/framework/src/Illuminate/Container/Container.php(832): Illuminate\\Container\\Container->build()
#3 /workspaces/vortice-pulse-app/vendor/laravel/framework/src/Illuminate/Foundation/Application.php(1078): Illuminate\\Container\\Container->resolve()
#4 /workspaces/vortice-pulse-app/vendor/laravel/framework/src/Illuminate/Container/Container.php(763): Illuminate\\Foundation\\Application->resolve()
#5 /workspaces/vortice-pulse-app/vendor/laravel/framework/src/Illuminate/Foundation/Application.php(1058): Illuminate\\Container\\Container->make()
#6 /workspaces/vortice-pulse-app/vendor/laravel/framework/src/Illuminate/View/ViewServiceProvider.php(168): Illuminate\\Foundation\\Application->make()
#7 [internal function]: Illuminate\\View\\ViewServiceProvider->Illuminate\\View\\{closure}()
#8 /workspaces/vortice-pulse-app/vendor/laravel/framework/src/Illuminate/View/Engines/EngineResolver.php(55): call_user_func()
#9 /workspaces/vortice-pulse-app/vendor/laravel/framework/src/Illuminate/View/Factory.php(326): Illuminate\\View\\Engines\\EngineResolver->resolve()
#10 /workspaces/vortice-pulse-app/vendor/laravel/framework/src/Illuminate/View/Factory.php(288): Illuminate\\View\\Factory->getEngineFromPath()
#11 /workspaces/vortice-pulse-app/vendor/laravel/framework/src/Illuminate/View/Factory.php(160): Illuminate\\View\\Factory->viewInstance()
#12 /workspaces/vortice-pulse-app/vendor/laravel/framework/src/Illuminate/Routing/ResponseFactory.php(90): Illuminate\\View\\Factory->make()
#13 /workspaces/vortice-pulse-app/vendor/laravel/framework/src/Illuminate/Foundation/Exceptions/Handler.php(894): Illuminate\\Routing\\ResponseFactory->view()
#14 /workspaces/vortice-pulse-app/vendor/laravel/framework/src/Illuminate/Foundation/Exceptions/Handler.php(815): Illuminate\\Foundation\\Exceptions\\Handler->renderHttpException()
#15 /workspaces/vortice-pulse-app/vendor/laravel/framework/src/Illuminate/Foundation/Exceptions/Handler.php(706): Illuminate\\Foundation\\Exceptions\\Handler->prepareResponse()
#16 /workspaces/vortice-pulse-app/vendor/laravel/framework/src/Illuminate/Foundation/Exceptions/Handler.php(594): Illuminate\\Foundation\\Exceptions\\Handler->renderExceptionResponse()
#17 /workspaces/vortice-pulse-app/vendor/laravel/framework/src/Illuminate/Routing/Pipeline.php(51): Illuminate\\Foundation\\Exceptions\\Handler->render()
#18 /workspaces/vortice-pulse-app/vendor/laravel/framework/src/Illuminate/Pipeline/Pipeline.php(214): Illuminate\\Routing\\Pipeline->handleException()
#19 /workspaces/vortice-pulse-app/vendor/laravel/framework/src/Illuminate/Pipeline/Pipeline.php(127): Illuminate\\Pipeline\\Pipeline->Illuminate\\Pipeline\\{closure}()
#20 /workspaces/vortice-pulse-app/vendor/laravel/framework/src/Illuminate/Routing/Router.php(807): Illuminate\\Pipeline\\Pipeline->then()
#21 /workspaces/vortice-pulse-app/vendor/laravel/framework/src/Illuminate/Routing/Router.php(786): Illuminate\\Routing\\Router->runRouteWithinStack()
#22 /workspaces/vortice-pulse-app/vendor/laravel/framework/src/Illuminate/Routing/Router.php(750): Illuminate\\Routing\\Router->runRoute()
#23 /workspaces/vortice-pulse-app/vendor/laravel/framework/src/Illuminate/Routing/Router.php(739): Illuminate\\Routing\\Router->dispatchToRoute()
#24 /workspaces/vortice-pulse-app/vendor/laravel/framework/src/Illuminate/Foundation/Http/Kernel.php(201): Illuminate\\Routing\\Router->dispatch()
#25 /workspaces/vortice-pulse-app/vendor/laravel/framework/src/Illuminate/Pipeline/Pipeline.php(170): Illuminate\\Foundation\\Http\\Kernel->Illuminate\\Foundation\\Http\\{closure}()
#26 /workspaces/vortice-pulse-app/vendor/laravel/framework/src/Illuminate/Foundation/Http/Middleware/TransformsRequest.php(21): Illuminate\\Pipeline\\Pipeline->Illuminate\\Pipeline\\{closure}()
#27 /workspaces/vortice-pulse-app/vendor/laravel/framework/src/Illuminate/Foundation/Http/Middleware/ConvertEmptyStringsToNull.php(31): Illuminate\\Foundation\\Http\\Middleware\\TransformsRequest->handle()
#28 /workspaces/vortice-pulse-app/vendor/laravel/framework/src/Illuminate/Pipeline/Pipeline.php(209): Illuminate\\Foundation\\Http\\Middleware\\ConvertEmptyStringsToNull->handle()
#29 /workspaces/vortice-pulse-app/vendor/laravel/framework/src/Illuminate/Foundation/Http/Middleware/TransformsRequest.php(21): Illuminate\\Pipeline\\Pipeline->Illuminate\\Pipeline\\{closure}()
#30 /workspaces/vortice-pulse-app/vendor/laravel/framework/src/Illuminate/Foundation/Http/Middleware/TrimStrings.php(51): Illuminate\\Foundation\\Http\\Middleware\\TransformsRequest->handle()
#31 /workspaces/vortice-pulse-app/vendor/laravel/framework/src/Illuminate/Pipeline/Pipeline.php(209): Illuminate\\Foundation\\Http\\Middleware\\TrimStrings->handle()
#32 /workspaces/vortice-pulse-app/vendor/laravel/framework/src/Illuminate/Http/Middleware/ValidatePostSize.php(27): Illuminate\\Pipeline\\Pipeline->Illuminate\\Pipeline\\{closure}()
#33 /workspaces/vortice-pulse-app/vendor/laravel/framework/src/Illuminate/Pipeline/Pipeline.php(209): Illuminate\\Http\\Middleware\\ValidatePostSize->handle()
#34 /workspaces/vortice-pulse-app/vendor/laravel/framework/src/Illuminate/Foundation/Http/Middleware/PreventRequestsDuringMaintenance.php(110): Illuminate\\Pipeline\\Pipeline->Illuminate\\Pipeline\\{closure}()
#35 /workspaces/vortice-pulse-app/vendor/laravel/framework/src/Illuminate/Pipeline/Pipeline.php(209): Illuminate\\Foundation\\Http\\Middleware\\PreventRequestsDuringMaintenance->handle()
#36 /workspaces/vortice-pulse-app/vendor/laravel/framework/src/Illuminate/Http/Middleware/HandleCors.php(49): Illuminate\\Pipeline\\Pipeline->Illuminate\\Pipeline\\{closure}()
#37 /workspaces/vortice-pulse-app/vendor/laravel/framework/src/Illuminate/Pipeline/Pipeline.php(209): Illuminate\\Http\\Middleware\\HandleCors->handle()
#38 /workspaces/vortice-pulse-app/vendor/laravel/framework/src/Illuminate/Http/Middleware/TrustProxies.php(58): Illuminate\\Pipeline\\Pipeline->Illuminate\\Pipeline\\{closure}()
#39 /workspaces/vortice-pulse-app/vendor/laravel/framework/src/Illuminate/Pipeline/Pipeline.php(209): Illuminate\\Http\\Middleware\\TrustProxies->handle()
#40 /workspaces/vortice-pulse-app/vendor/laravel/framework/src/Illuminate/Foundation/Http/Middleware/InvokeDeferredCallbacks.php(22): Illuminate\\Pipeline\\Pipeline->Illuminate\\Pipeline\\{closure}()
#41 /workspaces/vortice-pulse-app/vendor/laravel/framework/src/Illuminate/Pipeline/Pipeline.php(209): Illuminate\\Foundation\\Http\\Middleware\\InvokeDeferredCallbacks->handle()
#42 /workspaces/vortice-pulse-app/vendor/laravel/framework/src/Illuminate/Pipeline/Pipeline.php(127): Illuminate\\Pipeline\\Pipeline->Illuminate\\Pipeline\\{closure}()
#43 /workspaces/vortice-pulse-app/vendor/laravel/framework/src/Illuminate/Foundation/Http/Kernel.php(176): Illuminate\\Pipeline\\Pipeline->then()
#44 /workspaces/vortice-pulse-app/vendor/laravel/framework/src/Illuminate/Foundation/Http/Kernel.php(145): Illuminate\\Foundation\\Http\\Kernel->sendRequestThroughRouter()
#45 /workspaces/vortice-pulse-app/vendor/laravel/framework/src/Illuminate/Foundation/Application.php(1220): Illuminate\\Foundation\\Http\\Kernel->handle()
#46 /workspaces/vortice-pulse-app/public/index.php(17): Illuminate\\Foundation\\Application->handleRequest()
#47 /workspaces/vortice-pulse-app/vendor/laravel/framework/src/Illuminate/Foundation/resources/server.php(23): require_once('...')
#48 {main}
"} 
[2026-07-17 23:37:58] production.ERROR: No application encryption key has been specified. {"exception":"[object] (Illuminate\\Encryption\\MissingAppKeyException(code: 0): No application encryption key has been specified. at /workspaces/vortice-pulse-app/vendor/laravel/framework/src/Illuminate/Encryption/EncryptionServiceProvider.php:83)
[stacktrace]
#0 /workspaces/vortice-pulse-app/vendor/laravel/framework/src/Illuminate/Support/helpers.php(399): Illuminate\\Encryption\\EncryptionServiceProvider->Illuminate\\Encryption\\{closure}()
#1 /workspaces/vortice-pulse-app/vendor/laravel/framework/src/Illuminate/Encryption/EncryptionServiceProvider.php(81): tap()
#2 /workspaces/vortice-pulse-app/vendor/laravel/framework/src/Illuminate/Encryption/EncryptionServiceProvider.php(64): Illuminate\\Encryption\\EncryptionServiceProvider->key()
#3 /workspaces/vortice-pulse-app/vendor/laravel/framework/src/Illuminate/Encryption/EncryptionServiceProvider.php(32): Illuminate\\Encryption\\EncryptionServiceProvider->parseKey()
#4 /workspaces/vortice-pulse-app/vendor/laravel/framework/src/Illuminate/Container/Container.php(952): Illuminate\\Encryption\\EncryptionServiceProvider->Illuminate\\Encryption\\{closure}()
#5 /workspaces/vortice-pulse-app/vendor/laravel/framework/src/Illuminate/Container/Container.php(832): Illuminate\\Container\\Container->build()
#6 /workspaces/vortice-pulse-app/vendor/laravel/framework/src/Illuminate/Foundation/Application.php(1078): Illuminate\\Container\\Container->resolve()
#7 /workspaces/vortice-pulse-app/vendor/laravel/framework/src/Illuminate/Container/Container.php(763): Illuminate\\Foundation\\Application->resolve()
#8 /workspaces/vortice-pulse-app/vendor/laravel/framework/src/Illuminate/Foundation/Application.php(1058): Illuminate\\Container\\Container->make()
#9 /workspaces/vortice-pulse-app/vendor/laravel/framework/src/Illuminate/Container/Container.php(1133): Illuminate\\Foundation\\Application->make()
#10 /workspaces/vortice-pulse-app/vendor/laravel/framework/src/Illuminate/Container/Container.php(1043): Illuminate\\Container\\Container->resolveClass()
#11 /workspaces/vortice-pulse-app/vendor/laravel/framework/src/Illuminate/Container/Container.php(994): Illuminate\\Container\\Container->resolveDependencies()
#12 /workspaces/vortice-pulse-app/vendor/laravel/framework/src/Illuminate/Container/Container.php(832): Illuminate\\Container\\Container->build()
#13 /workspaces/vortice-pulse-app/vendor/laravel/framework/src/Illuminate/Foundation/Application.php(1078): Illuminate\\Container\\Container->resolve()
#14 /workspaces/vortice-pulse-app/vendor/laravel/framework/src/Illuminate/Container/Container.php(763): Illuminate\\Foundation\\Application->resolve()
#15 /workspaces/vortice-pulse-app/vendor/laravel/framework/src/Illuminate/Foundation/Application.php(1058): Illuminate\\Container\\Container->make()
#16 /workspaces/vortice-pulse-app/vendor/laravel/framework/src/Illuminate/Foundation/Http/Kernel.php(258): Illuminate\\Foundation\\Application->make()
#17 /workspaces/vortice-pulse-app/vendor/laravel/framework/src/Illuminate/Foundation/Http/Kernel.php(216): Illuminate\\Foundation\\Http\\Kernel->terminateMiddleware()
#18 /workspaces/vortice-pulse-app/vendor/laravel/framework/src/Illuminate/Foundation/Application.php(1222): Illuminate\\Foundation\\Http\\Kernel->terminate()
#19 /workspaces/vortice-pulse-app/public/index.php(17): Illuminate\\Foundation\\Application->handleRequest()
#20 /workspaces/vortice-pulse-app/vendor/laravel/framework/src/Illuminate/Foundation/resources/server.php(23): require_once('...')
#21 {main}
"} 
[2026-07-17 23:37:58] production.ERROR: Please provide a valid cache path. {"exception":"[object] (InvalidArgumentException(code: 0): Please provide a valid cache path. at /workspaces/vortice-pulse-app/vendor/laravel/framework/src/Illuminate/View/Compilers/Compiler.php:67)
[stacktrace]
#0 /workspaces/vortice-pulse-app/vendor/laravel/framework/src/Illuminate/View/ViewServiceProvider.php(97): Illuminate\\View\\Compilers\\Compiler->__construct()
#1 /workspaces/vortice-pulse-app/vendor/laravel/framework/src/Illuminate/Container/Container.php(952): Illuminate\\View\\ViewServiceProvider->Illuminate\\View\\{closure}()
#2 /workspaces/vortice-pulse-app/vendor/laravel/framework/src/Illuminate/Container/Container.php(832): Illuminate\\Container\\Container->build()
#3 /workspaces/vortice-pulse-app/vendor/laravel/framework/src/Illuminate/Foundation/Application.php(1078): Illuminate\\Container\\Container->resolve()
#4 /workspaces/vortice-pulse-app/vendor/laravel/framework/src/Illuminate/Container/Container.php(763): Illuminate\\Foundation\\Application->resolve()
#5 /workspaces/vortice-pulse-app/vendor/laravel/framework/src/Illuminate/Foundation/Application.php(1058): Illuminate\\Container\\Container->make()
#6 /workspaces/vortice-pulse-app/vendor/laravel/framework/src/Illuminate/View/ViewServiceProvider.php(168): Illuminate\\Foundation\\Application->make()
#7 [internal function]: Illuminate\\View\\ViewServiceProvider->Illuminate\\View\\{closure}()
#8 /workspaces/vortice-pulse-app/vendor/laravel/framework/src/Illuminate/View/Engines/EngineResolver.php(55): call_user_func()
#9 /workspaces/vortice-pulse-app/vendor/laravel/framework/src/Illuminate/View/Factory.php(319): Illuminate\\View\\Engines\\EngineResolver->resolve()
#10 /workspaces/vortice-pulse-app/vendor/laravel/framework/src/Illuminate/View/Factory.php(288): Illuminate\\View\\Factory->getEngineFromPath()
#11 /workspaces/vortice-pulse-app/vendor/laravel/framework/src/Illuminate/View/Factory.php(160): Illuminate\\View\\Factory->viewInstance()
#12 /workspaces/vortice-pulse-app/vendor/laravel/framework/src/Illuminate/Routing/ResponseFactory.php(90): Illuminate\\View\\Factory->make()
#13 /workspaces/vortice-pulse-app/vendor/laravel/framework/src/Illuminate/Foundation/Exceptions/Handler.php(894): Illuminate\\Routing\\ResponseFactory->view()
#14 /workspaces/vortice-pulse-app/vendor/laravel/framework/src/Illuminate/Foundation/Exceptions/Handler.php(815): Illuminate\\Foundation\\Exceptions\\Handler->renderHttpException()
#15 /workspaces/vortice-pulse-app/vendor/laravel/framework/src/Illuminate/Foundation/Exceptions/Handler.php(706): Illuminate\\Foundation\\Exceptions\\Handler->prepareResponse()
#16 /workspaces/vortice-pulse-app/vendor/laravel/framework/src/Illuminate/Foundation/Exceptions/Handler.php(594): Illuminate\\Foundation\\Exceptions\\Handler->renderExceptionResponse()
#17 /workspaces/vortice-pulse-app/vendor/laravel/framework/src/Illuminate/Foundation/Bootstrap/HandleExceptions.php(221): Illuminate\\Foundation\\Exceptions\\Handler->render()
#18 /workspaces/vortice-pulse-app/vendor/laravel/framework/src/Illuminate/Foundation/Bootstrap/HandleExceptions.php(198): Illuminate\\Foundation\\Bootstrap\\HandleExceptions->renderHttpResponse()
#19 /workspaces/vortice-pulse-app/vendor/laravel/framework/src/Illuminate/Foundation/Bootstrap/HandleExceptions.php(258): Illuminate\\Foundation\\Bootstrap\\HandleExceptions->handleException()
#20 [internal function]: Illuminate\\Foundation\\Bootstrap\\HandleExceptions->Illuminate\\Foundation\\Bootstrap\\{closure}()
#21 {main}
"} 
[2026-07-17 23:38:22] production.ERROR: No application encryption key has been specified. {"exception":"[object] (Illuminate\\Encryption\\MissingAppKeyException(code: 0): No application encryption key has been specified. at /workspaces/vortice-pulse-app/vendor/laravel/framework/src/Illuminate/Encryption/EncryptionServiceProvider.php:83)
[stacktrace]
#0 /workspaces/vortice-pulse-app/vendor/laravel/framework/src/Illuminate/Support/helpers.php(399): Illuminate\\Encryption\\EncryptionServiceProvider->Illuminate\\Encryption\\{closure}()
#1 /workspaces/vortice-pulse-app/vendor/laravel/framework/src/Illuminate/Encryption/EncryptionServiceProvider.php(81): tap()
#2 /workspaces/vortice-pulse-app/vendor/laravel/framework/src/Illuminate/Encryption/EncryptionServiceProvider.php(64): Illuminate\\Encryption\\EncryptionServiceProvider->key()
#3 /workspaces/vortice-pulse-app/vendor/laravel/framework/src/Illuminate/Encryption/EncryptionServiceProvider.php(32): Illuminate\\Encryption\\EncryptionServiceProvider->parseKey()
#4 /workspaces/vortice-pulse-app/vendor/laravel/framework/src/Illuminate/Container/Container.php(952): Illuminate\\Encryption\\EncryptionServiceProvider->Illuminate\\Encryption\\{closure}()
#5 /workspaces/vortice-pulse-app/vendor/laravel/framework/src/Illuminate/Container/Container.php(832): Illuminate\\Container\\Container->build()
#6 /workspaces/vortice-pulse-app/vendor/laravel/framework/src/Illuminate/Foundation/Application.php(1078): Illuminate\\Container\\Container->resolve()
#7 /workspaces/vortice-pulse-app/vendor/laravel/framework/src/Illuminate/Container/Container.php(763): Illuminate\\Foundation\\Application->resolve()
#8 /workspaces/vortice-pulse-app/vendor/laravel/framework/src/Illuminate/Foundation/Application.php(1058): Illuminate\\Container\\Container->make()
#9 /workspaces/vortice-pulse-app/vendor/laravel/framework/src/Illuminate/Container/Container.php(1133): Illuminate\\Foundation\\Application->make()
#10 /workspaces/vortice-pulse-app/vendor/laravel/framework/src/Illuminate/Container/Container.php(1043): Illuminate\\Container\\Container->resolveClass()
#11 /workspaces/vortice-pulse-app/vendor/laravel/framework/src/Illuminate/Container/Container.php(994): Illuminate\\Container\\Container->resolveDependencies()
#12 /workspaces/vortice-pulse-app/vendor/laravel/framework/src/Illuminate/Container/Container.php(832): Illuminate\\Container\\Container->build()
#13 /workspaces/vortice-pulse-app/vendor/laravel/framework/src/Illuminate/Foundation/Application.php(1078): Illuminate\\Container\\Container->resolve()
#14 /workspaces/vortice-pulse-app/vendor/laravel/framework/src/Illuminate/Container/Container.php(763): Illuminate\\Foundation\\Application->resolve()
#15 /workspaces/vortice-pulse-app/vendor/laravel/framework/src/Illuminate/Foundation/Application.php(1058): Illuminate\\Container\\Container->make()
#16 /workspaces/vortice-pulse-app/vendor/laravel/framework/src/Illuminate/Pipeline/Pipeline.php(198): Illuminate\\Foundation\\Application->make()
#17 /workspaces/vortice-pulse-app/vendor/laravel/framework/src/Illuminate/Pipeline/Pipeline.php(127): Illuminate\\Pipeline\\Pipeline->Illuminate\\Pipeline\\{closure}()
#18 /workspaces/vortice-pulse-app/vendor/laravel/framework/src/Illuminate/Routing/Router.php(807): Illuminate\\Pipeline\\Pipeline->then()
#19 /workspaces/vortice-pulse-app/vendor/laravel/framework/src/Illuminate/Routing/Router.php(786): Illuminate\\Routing\\Router->runRouteWithinStack()
#20 /workspaces/vortice-pulse-app/vendor/laravel/framework/src/Illuminate/Routing/Router.php(750): Illuminate\\Routing\\Router->runRoute()
#21 /workspaces/vortice-pulse-app/vendor/laravel/framework/src/Illuminate/Routing/Router.php(739): Illuminate\\Routing\\Router->dispatchToRoute()
#22 /workspaces/vortice-pulse-app/vendor/laravel/framework/src/Illuminate/Foundation/Http/Kernel.php(201): Illuminate\\Routing\\Router->dispatch()
#23 /workspaces/vortice-pulse-app/vendor/laravel/framework/src/Illuminate/Pipeline/Pipeline.php(170): Illuminate\\Foundation\\Http\\Kernel->Illuminate\\Foundation\\Http\\{closure}()
#24 /workspaces/vortice-pulse-app/vendor/laravel/framework/src/Illuminate/Foundation/Http/Middleware/TransformsRequest.php(21): Illuminate\\Pipeline\\Pipeline->Illuminate\\Pipeline\\{closure}()
#25 /workspaces/vortice-pulse-app/vendor/laravel/framework/src/Illuminate/Foundation/Http/Middleware/ConvertEmptyStringsToNull.php(31): Illuminate\\Foundation\\Http\\Middleware\\TransformsRequest->handle()
#26 /workspaces/vortice-pulse-app/vendor/laravel/framework/src/Illuminate/Pipeline/Pipeline.php(209): Illuminate\\Foundation\\Http\\Middleware\\ConvertEmptyStringsToNull->handle()
#27 /workspaces/vortice-pulse-app/vendor/laravel/framework/src/Illuminate/Foundation/Http/Middleware/TransformsRequest.php(21): Illuminate\\Pipeline\\Pipeline->Illuminate\\Pipeline\\{closure}()
#28 /workspaces/vortice-pulse-app/vendor/laravel/framework/src/Illuminate/Foundation/Http/Middleware/TrimStrings.php(51): Illuminate\\Foundation\\Http\\Middleware\\TransformsRequest->handle()
#29 /workspaces/vortice-pulse-app/vendor/laravel/framework/src/Illuminate/Pipeline/Pipeline.php(209): Illuminate\\Foundation\\Http\\Middleware\\TrimStrings->handle()
#30 /workspaces/vortice-pulse-app/vendor/laravel/framework/src/Illuminate/Http/Middleware/ValidatePostSize.php(27): Illuminate\\Pipeline\\Pipeline->Illuminate\\Pipeline\\{closure}()
#31 /workspaces/vortice-pulse-app/vendor/laravel/framework/src/Illuminate/Pipeline/Pipeline.php(209): Illuminate\\Http\\Middleware\\ValidatePostSize->handle()
#32 /workspaces/vortice-pulse-app/vendor/laravel/framework/src/Illuminate/Foundation/Http/Middleware/PreventRequestsDuringMaintenance.php(110): Illuminate\\Pipeline\\Pipeline->Illuminate\\Pipeline\\{closure}()
#33 /workspaces/vortice-pulse-app/vendor/laravel/framework/src/Illuminate/Pipeline/Pipeline.php(209): Illuminate\\Foundation\\Http\\Middleware\\PreventRequestsDuringMaintenance->handle()
#34 /workspaces/vortice-pulse-app/vendor/laravel/framework/src/Illuminate/Http/Middleware/HandleCors.php(49): Illuminate\\Pipeline\\Pipeline->Illuminate\\Pipeline\\{closure}()
#35 /workspaces/vortice-pulse-app/vendor/laravel/framework/src/Illuminate/Pipeline/Pipeline.php(209): Illuminate\\Http\\Middleware\\HandleCors->handle()
#36 /workspaces/vortice-pulse-app/vendor/laravel/framework/src/Illuminate/Http/Middleware/TrustProxies.php(58): Illuminate\\Pipeline\\Pipeline->Illuminate\\Pipeline\\{closure}()
#37 /workspaces/vortice-pulse-app/vendor/laravel/framework/src/Illuminate/Pipeline/Pipeline.php(209): Illuminate\\Http\\Middleware\\TrustProxies->handle()
#38 /workspaces/vortice-pulse-app/vendor/laravel/framework/src/Illuminate/Foundation/Http/Middleware/InvokeDeferredCallbacks.php(22): Illuminate\\Pipeline\\Pipeline->Illuminate\\Pipeline\\{closure}()
#39 /workspaces/vortice-pulse-app/vendor/laravel/framework/src/Illuminate/Pipeline/Pipeline.php(209): Illuminate\\Foundation\\Http\\Middleware\\InvokeDeferredCallbacks->handle()
#40 /workspaces/vortice-pulse-app/vendor/laravel/framework/src/Illuminate/Pipeline/Pipeline.php(127): Illuminate\\Pipeline\\Pipeline->Illuminate\\Pipeline\\{closure}()
#41 /workspaces/vortice-pulse-app/vendor/laravel/framework/src/Illuminate/Foundation/Http/Kernel.php(176): Illuminate\\Pipeline\\Pipeline->then()
#42 /workspaces/vortice-pulse-app/vendor/laravel/framework/src/Illuminate/Foundation/Http/Kernel.php(145): Illuminate\\Foundation\\Http\\Kernel->sendRequestThroughRouter()
#43 /workspaces/vortice-pulse-app/vendor/laravel/framework/src/Illuminate/Foundation/Application.php(1220): Illuminate\\Foundation\\Http\\Kernel->handle()
#44 /workspaces/vortice-pulse-app/public/index.php(17): Illuminate\\Foundation\\Application->handleRequest()
#45 /workspaces/vortice-pulse-app/vendor/laravel/framework/src/Illuminate/Foundation/resources/server.php(23): require_once('...')
#46 {main}
"} 
[2026-07-17 23:38:22] production.ERROR: Please provide a valid cache path. {"exception":"[object] (InvalidArgumentException(code: 0): Please provide a valid cache path. at /workspaces/vortice-pulse-app/vendor/laravel/framework/src/Illuminate/View/Compilers/Compiler.php:67)
[stacktrace]
#0 /workspaces/vortice-pulse-app/vendor/laravel/framework/src/Illuminate/View/ViewServiceProvider.php(97): Illuminate\\View\\Compilers\\Compiler->__construct()
#1 /workspaces/vortice-pulse-app/vendor/laravel/framework/src/Illuminate/Container/Container.php(952): Illuminate\\View\\ViewServiceProvider->Illuminate\\View\\{closure}()
#2 /workspaces/vortice-pulse-app/vendor/laravel/framework/src/Illuminate/Container/Container.php(832): Illuminate\\Container\\Container->build()
#3 /workspaces/vortice-pulse-app/vendor/laravel/framework/src/Illuminate/Foundation/Application.php(1078): Illuminate\\Container\\Container->resolve()
#4 /workspaces/vortice-pulse-app/vendor/laravel/framework/src/Illuminate/Container/Container.php(763): Illuminate\\Foundation\\Application->resolve()
#5 /workspaces/vortice-pulse-app/vendor/laravel/framework/src/Illuminate/Foundation/Application.php(1058): Illuminate\\Container\\Container->make()
#6 /workspaces/vortice-pulse-app/vendor/laravel/framework/src/Illuminate/View/ViewServiceProvider.php(168): Illuminate\\Foundation\\Application->make()
#7 [internal function]: Illuminate\\View\\ViewServiceProvider->Illuminate\\View\\{closure}()
#8 /workspaces/vortice-pulse-app/vendor/laravel/framework/src/Illuminate/View/Engines/EngineResolver.php(55): call_user_func()
#9 /workspaces/vortice-pulse-app/vendor/laravel/framework/src/Illuminate/View/Factory.php(326): Illuminate\\View\\Engines\\EngineResolver->resolve()
#10 /workspaces/vortice-pulse-app/vendor/laravel/framework/src/Illuminate/View/Factory.php(288): Illuminate\\View\\Factory->getEngineFromPath()
#11 /workspaces/vortice-pulse-app/vendor/laravel/framework/src/Illuminate/View/Factory.php(160): Illuminate\\View\\Factory->viewInstance()
#12 /workspaces/vortice-pulse-app/vendor/laravel/framework/src/Illuminate/Routing/ResponseFactory.php(90): Illuminate\\View\\Factory->make()
#13 /workspaces/vortice-pulse-app/vendor/laravel/framework/src/Illuminate/Foundation/Exceptions/Handler.php(894): Illuminate\\Routing\\ResponseFactory->view()
#14 /workspaces/vortice-pulse-app/vendor/laravel/framework/src/Illuminate/Foundation/Exceptions/Handler.php(815): Illuminate\\Foundation\\Exceptions\\Handler->renderHttpException()
#15 /workspaces/vortice-pulse-app/vendor/laravel/framework/src/Illuminate/Foundation/Exceptions/Handler.php(706): Illuminate\\Foundation\\Exceptions\\Handler->prepareResponse()
#16 /workspaces/vortice-pulse-app/vendor/laravel/framework/src/Illuminate/Foundation/Exceptions/Handler.php(594): Illuminate\\Foundation\\Exceptions\\Handler->renderExceptionResponse()
#17 /workspaces/vortice-pulse-app/vendor/laravel/framework/src/Illuminate/Routing/Pipeline.php(51): Illuminate\\Foundation\\Exceptions\\Handler->render()
#18 /workspaces/vortice-pulse-app/vendor/laravel/framework/src/Illuminate/Pipeline/Pipeline.php(214): Illuminate\\Routing\\Pipeline->handleException()
#19 /workspaces/vortice-pulse-app/vendor/laravel/framework/src/Illuminate/Pipeline/Pipeline.php(127): Illuminate\\Pipeline\\Pipeline->Illuminate\\Pipeline\\{closure}()
#20 /workspaces/vortice-pulse-app/vendor/laravel/framework/src/Illuminate/Routing/Router.php(807): Illuminate\\Pipeline\\Pipeline->then()
#21 /workspaces/vortice-pulse-app/vendor/laravel/framework/src/Illuminate/Routing/Router.php(786): Illuminate\\Routing\\Router->runRouteWithinStack()
#22 /workspaces/vortice-pulse-app/vendor/laravel/framework/src/Illuminate/Routing/Router.php(750): Illuminate\\Routing\\Router->runRoute()
#23 /workspaces/vortice-pulse-app/vendor/laravel/framework/src/Illuminate/Routing/Router.php(739): Illuminate\\Routing\\Router->dispatchToRoute()
#24 /workspaces/vortice-pulse-app/vendor/laravel/framework/src/Illuminate/Foundation/Http/Kernel.php(201): Illuminate\\Routing\\Router->dispatch()
#25 /workspaces/vortice-pulse-app/vendor/laravel/framework/src/Illuminate/Pipeline/Pipeline.php(170): Illuminate\\Foundation\\Http\\Kernel->Illuminate\\Foundation\\Http\\{closure}()
#26 /workspaces/vortice-pulse-app/vendor/laravel/framework/src/Illuminate/Foundation/Http/Middleware/TransformsRequest.php(21): Illuminate\\Pipeline\\Pipeline->Illuminate\\Pipeline\\{closure}()
#27 /workspaces/vortice-pulse-app/vendor/laravel/framework/src/Illuminate/Foundation/Http/Middleware/ConvertEmptyStringsToNull.php(31): Illuminate\\Foundation\\Http\\Middleware\\TransformsRequest->handle()
#28 /workspaces/vortice-pulse-app/vendor/laravel/framework/src/Illuminate/Pipeline/Pipeline.php(209): Illuminate\\Foundation\\Http\\Middleware\\ConvertEmptyStringsToNull->handle()
#29 /workspaces/vortice-pulse-app/vendor/laravel/framework/src/Illuminate/Foundation/Http/Middleware/TransformsRequest.php(21): Illuminate\\Pipeline\\Pipeline->Illuminate\\Pipeline\\{closure}()
#30 /workspaces/vortice-pulse-app/vendor/laravel/framework/src/Illuminate/Foundation/Http/Middleware/TrimStrings.php(51): Illuminate\\Foundation\\Http\\Middleware\\TransformsRequest->handle()
#31 /workspaces/vortice-pulse-app/vendor/laravel/framework/src/Illuminate/Pipeline/Pipeline.php(209): Illuminate\\Foundation\\Http\\Middleware\\TrimStrings->handle()
#32 /workspaces/vortice-pulse-app/vendor/laravel/framework/src/Illuminate/Http/Middleware/ValidatePostSize.php(27): Illuminate\\Pipeline\\Pipeline->Illuminate\\Pipeline\\{closure}()
#33 /workspaces/vortice-pulse-app/vendor/laravel/framework/src/Illuminate/Pipeline/Pipeline.php(209): Illuminate\\Http\\Middleware\\ValidatePostSize->handle()
#34 /workspaces/vortice-pulse-app/vendor/laravel/framework/src/Illuminate/Foundation/Http/Middleware/PreventRequestsDuringMaintenance.php(110): Illuminate\\Pipeline\\Pipeline->Illuminate\\Pipeline\\{closure}()
#35 /workspaces/vortice-pulse-app/vendor/laravel/framework/src/Illuminate/Pipeline/Pipeline.php(209): Illuminate\\Foundation\\Http\\Middleware\\PreventRequestsDuringMaintenance->handle()
#36 /workspaces/vortice-pulse-app/vendor/laravel/framework/src/Illuminate/Http/Middleware/HandleCors.php(49): Illuminate\\Pipeline\\Pipeline->Illuminate\\Pipeline\\{closure}()
#37 /workspaces/vortice-pulse-app/vendor/laravel/framework/src/Illuminate/Pipeline/Pipeline.php(209): Illuminate\\Http\\Middleware\\HandleCors->handle()
#38 /workspaces/vortice-pulse-app/vendor/laravel/framework/src/Illuminate/Http/Middleware/TrustProxies.php(58): Illuminate\\Pipeline\\Pipeline->Illuminate\\Pipeline\\{closure}()
#39 /workspaces/vortice-pulse-app/vendor/laravel/framework/src/Illuminate/Pipeline/Pipeline.php(209): Illuminate\\Http\\Middleware\\TrustProxies->handle()
#40 /workspaces/vortice-pulse-app/vendor/laravel/framework/src/Illuminate/Foundation/Http/Middleware/InvokeDeferredCallbacks.php(22): Illuminate\\Pipeline\\Pipeline->Illuminate\\Pipeline\\{closure}()
#41 /workspaces/vortice-pulse-app/vendor/laravel/framework/src/Illuminate/Pipeline/Pipeline.php(209): Illuminate\\Foundation\\Http\\Middleware\\InvokeDeferredCallbacks->handle()
#42 /workspaces/vortice-pulse-app/vendor/laravel/framework/src/Illuminate/Pipeline/Pipeline.php(127): Illuminate\\Pipeline\\Pipeline->Illuminate\\Pipeline\\{closure}()
#43 /workspaces/vortice-pulse-app/vendor/laravel/framework/src/Illuminate/Foundation/Http/Kernel.php(176): Illuminate\\Pipeline\\Pipeline->then()
#44 /workspaces/vortice-pulse-app/vendor/laravel/framework/src/Illuminate/Foundation/Http/Kernel.php(145): Illuminate\\Foundation\\Http\\Kernel->sendRequestThroughRouter()
#45 /workspaces/vortice-pulse-app/vendor/laravel/framework/src/Illuminate/Foundation/Application.php(1220): Illuminate\\Foundation\\Http\\Kernel->handle()
#46 /workspaces/vortice-pulse-app/public/index.php(17): Illuminate\\Foundation\\Application->handleRequest()
#47 /workspaces/vortice-pulse-app/vendor/laravel/framework/src/Illuminate/Foundation/resources/server.php(23): require_once('...')
#48 {main}
"} 
[2026-07-17 23:38:22] production.ERROR: No application encryption key has been specified. {"exception":"[object] (Illuminate\\Encryption\\MissingAppKeyException(code: 0): No application encryption key has been specified. at /workspaces/vortice-pulse-app/vendor/laravel/framework/src/Illuminate/Encryption/EncryptionServiceProvider.php:83)
[stacktrace]
#0 /workspaces/vortice-pulse-app/vendor/laravel/framework/src/Illuminate/Support/helpers.php(399): Illuminate\\Encryption\\EncryptionServiceProvider->Illuminate\\Encryption\\{closure}()
#1 /workspaces/vortice-pulse-app/vendor/laravel/framework/src/Illuminate/Encryption/EncryptionServiceProvider.php(81): tap()
#2 /workspaces/vortice-pulse-app/vendor/laravel/framework/src/Illuminate/Encryption/EncryptionServiceProvider.php(64): Illuminate\\Encryption\\EncryptionServiceProvider->key()
#3 /workspaces/vortice-pulse-app/vendor/laravel/framework/src/Illuminate/Encryption/EncryptionServiceProvider.php(32): Illuminate\\Encryption\\EncryptionServiceProvider->parseKey()
#4 /workspaces/vortice-pulse-app/vendor/laravel/framework/src/Illuminate/Container/Container.php(952): Illuminate\\Encryption\\EncryptionServiceProvider->Illuminate\\Encryption\\{closure}()
#5 /workspaces/vortice-pulse-app/vendor/laravel/framework/src/Illuminate/Container/Container.php(832): Illuminate\\Container\\Container->build()
#6 /workspaces/vortice-pulse-app/vendor/laravel/framework/src/Illuminate/Foundation/Application.php(1078): Illuminate\\Container\\Container->resolve()
#7 /workspaces/vortice-pulse-app/vendor/laravel/framework/src/Illuminate/Container/Container.php(763): Illuminate\\Foundation\\Application->resolve()
#8 /workspaces/vortice-pulse-app/vendor/laravel/framework/src/Illuminate/Foundation/Application.php(1058): Illuminate\\Container\\Container->make()
#9 /workspaces/vortice-pulse-app/vendor/laravel/framework/src/Illuminate/Container/Container.php(1133): Illuminate\\Foundation\\Application->make()
#10 /workspaces/vortice-pulse-app/vendor/laravel/framework/src/Illuminate/Container/Container.php(1043): Illuminate\\Container\\Container->resolveClass()
#11 /workspaces/vortice-pulse-app/vendor/laravel/framework/src/Illuminate/Container/Container.php(994): Illuminate\\Container\\Container->resolveDependencies()
#12 /workspaces/vortice-pulse-app/vendor/laravel/framework/src/Illuminate/Container/Container.php(832): Illuminate\\Container\\Container->build()
#13 /workspaces/vortice-pulse-app/vendor/laravel/framework/src/Illuminate/Foundation/Application.php(1078): Illuminate\\Container\\Container->resolve()
#14 /workspaces/vortice-pulse-app/vendor/laravel/framework/src/Illuminate/Container/Container.php(763): Illuminate\\Foundation\\Application->resolve()
#15 /workspaces/vortice-pulse-app/vendor/laravel/framework/src/Illuminate/Foundation/Application.php(1058): Illuminate\\Container\\Container->make()
#16 /workspaces/vortice-pulse-app/vendor/laravel/framework/src/Illuminate/Foundation/Http/Kernel.php(258): Illuminate\\Foundation\\Application->make()
#17 /workspaces/vortice-pulse-app/vendor/laravel/framework/src/Illuminate/Foundation/Http/Kernel.php(216): Illuminate\\Foundation\\Http\\Kernel->terminateMiddleware()
#18 /workspaces/vortice-pulse-app/vendor/laravel/framework/src/Illuminate/Foundation/Application.php(1222): Illuminate\\Foundation\\Http\\Kernel->terminate()
#19 /workspaces/vortice-pulse-app/public/index.php(17): Illuminate\\Foundation\\Application->handleRequest()
#20 /workspaces/vortice-pulse-app/vendor/laravel/framework/src/Illuminate/Foundation/resources/server.php(23): require_once('...')
#21 {main}
"} 
[2026-07-17 23:38:22] production.ERROR: Please provide a valid cache path. {"exception":"[object] (InvalidArgumentException(code: 0): Please provide a valid cache path. at /workspaces/vortice-pulse-app/vendor/laravel/framework/src/Illuminate/View/Compilers/Compiler.php:67)
[stacktrace]
#0 /workspaces/vortice-pulse-app/vendor/laravel/framework/src/Illuminate/View/ViewServiceProvider.php(97): Illuminate\\View\\Compilers\\Compiler->__construct()
#1 /workspaces/vortice-pulse-app/vendor/laravel/framework/src/Illuminate/Container/Container.php(952): Illuminate\\View\\ViewServiceProvider->Illuminate\\View\\{closure}()
#2 /workspaces/vortice-pulse-app/vendor/laravel/framework/src/Illuminate/Container/Container.php(832): Illuminate\\Container\\Container->build()
#3 /workspaces/vortice-pulse-app/vendor/laravel/framework/src/Illuminate/Foundation/Application.php(1078): Illuminate\\Container\\Container->resolve()
#4 /workspaces/vortice-pulse-app/vendor/laravel/framework/src/Illuminate/Container/Container.php(763): Illuminate\\Foundation\\Application->resolve()
#5 /workspaces/vortice-pulse-app/vendor/laravel/framework/src/Illuminate/Foundation/Application.php(1058): Illuminate\\Container\\Container->make()
#6 /workspaces/vortice-pulse-app/vendor/laravel/framework/src/Illuminate/View/ViewServiceProvider.php(168): Illuminate\\Foundation\\Application->make()
#7 [internal function]: Illuminate\\View\\ViewServiceProvider->Illuminate\\View\\{closure}()
#8 /workspaces/vortice-pulse-app/vendor/laravel/framework/src/Illuminate/View/Engines/EngineResolver.php(55): call_user_func()
#9 /workspaces/vortice-pulse-app/vendor/laravel/framework/src/Illuminate/View/Factory.php(319): Illuminate\\View\\Engines\\EngineResolver->resolve()
#10 /workspaces/vortice-pulse-app/vendor/laravel/framework/src/Illuminate/View/Factory.php(288): Illuminate\\View\\Factory->getEngineFromPath()
#11 /workspaces/vortice-pulse-app/vendor/laravel/framework/src/Illuminate/View/Factory.php(160): Illuminate\\View\\Factory->viewInstance()
#12 /workspaces/vortice-pulse-app/vendor/laravel/framework/src/Illuminate/Routing/ResponseFactory.php(90): Illuminate\\View\\Factory->make()
#13 /workspaces/vortice-pulse-app/vendor/laravel/framework/src/Illuminate/Foundation/Exceptions/Handler.php(894): Illuminate\\Routing\\ResponseFactory->view()
#14 /workspaces/vortice-pulse-app/vendor/laravel/framework/src/Illuminate/Foundation/Exceptions/Handler.php(815): Illuminate\\Foundation\\Exceptions\\Handler->renderHttpException()
#15 /workspaces/vortice-pulse-app/vendor/laravel/framework/src/Illuminate/Foundation/Exceptions/Handler.php(706): Illuminate\\Foundation\\Exceptions\\Handler->prepareResponse()
#16 /workspaces/vortice-pulse-app/vendor/laravel/framework/src/Illuminate/Foundation/Exceptions/Handler.php(594): Illuminate\\Foundation\\Exceptions\\Handler->renderExceptionResponse()
#17 /workspaces/vortice-pulse-app/vendor/laravel/framework/src/Illuminate/Foundation/Bootstrap/HandleExceptions.php(221): Illuminate\\Foundation\\Exceptions\\Handler->render()
#18 /workspaces/vortice-pulse-app/vendor/laravel/framework/src/Illuminate/Foundation/Bootstrap/HandleExceptions.php(198): Illuminate\\Foundation\\Bootstrap\\HandleExceptions->renderHttpResponse()
#19 /workspaces/vortice-pulse-app/vendor/laravel/framework/src/Illuminate/Foundation/Bootstrap/HandleExceptions.php(258): Illuminate\\Foundation\\Bootstrap\\HandleExceptions->handleException()
#20 [internal function]: Illuminate\\Foundation\\Bootstrap\\HandleExceptions->Illuminate\\Foundation\\Bootstrap\\{closure}()
#21 {main}
"} 
[2026-07-17 23:38:27] production.ERROR: No application encryption key has been specified. {"exception":"[object] (Illuminate\\Encryption\\MissingAppKeyException(code: 0): No application encryption key has been specified. at /workspaces/vortice-pulse-app/vendor/laravel/framework/src/Illuminate/Encryption/EncryptionServiceProvider.php:83)
[stacktrace]
#0 /workspaces/vortice-pulse-app/vendor/laravel/framework/src/Illuminate/Support/helpers.php(399): Illuminate\\Encryption\\EncryptionServiceProvider->Illuminate\\Encryption\\{closure}()
#1 /workspaces/vortice-pulse-app/vendor/laravel/framework/src/Illuminate/Encryption/EncryptionServiceProvider.php(81): tap()
#2 /workspaces/vortice-pulse-app/vendor/laravel/framework/src/Illuminate/Encryption/EncryptionServiceProvider.php(64): Illuminate\\Encryption\\EncryptionServiceProvider->key()
#3 /workspaces/vortice-pulse-app/vendor/laravel/framework/src/Illuminate/Encryption/EncryptionServiceProvider.php(32): Illuminate\\Encryption\\EncryptionServiceProvider->parseKey()
#4 /workspaces/vortice-pulse-app/vendor/laravel/framework/src/Illuminate/Container/Container.php(952): Illuminate\\Encryption\\EncryptionServiceProvider->Illuminate\\Encryption\\{closure}()
#5 /workspaces/vortice-pulse-app/vendor/laravel/framework/src/Illuminate/Container/Container.php(832): Illuminate\\Container\\Container->build()
#6 /workspaces/vortice-pulse-app/vendor/laravel/framework/src/Illuminate/Foundation/Application.php(1078): Illuminate\\Container\\Container->resolve()
#7 /workspaces/vortice-pulse-app/vendor/laravel/framework/src/Illuminate/Container/Container.php(763): Illuminate\\Foundation\\Application->resolve()
#8 /workspaces/vortice-pulse-app/vendor/laravel/framework/src/Illuminate/Foundation/Application.php(1058): Illuminate\\Container\\Container->make()
#9 /workspaces/vortice-pulse-app/vendor/laravel/framework/src/Illuminate/Container/Container.php(1133): Illuminate\\Foundation\\Application->make()
#10 /workspaces/vortice-pulse-app/vendor/laravel/framework/src/Illuminate/Container/Container.php(1043): Illuminate\\Container\\Container->resolveClass()
#11 /workspaces/vortice-pulse-app/vendor/laravel/framework/src/Illuminate/Container/Container.php(994): Illuminate\\Container\\Container->resolveDependencies()
#12 /workspaces/vortice-pulse-app/vendor/laravel/framework/src/Illuminate/Container/Container.php(832): Illuminate\\Container\\Container->build()
#13 /workspaces/vortice-pulse-app/vendor/laravel/framework/src/Illuminate/Foundation/Application.php(1078): Illuminate\\Container\\Container->resolve()
#14 /workspaces/vortice-pulse-app/vendor/laravel/framework/src/Illuminate/Container/Container.php(763): Illuminate\\Foundation\\Application->resolve()
#15 /workspaces/vortice-pulse-app/vendor/laravel/framework/src/Illuminate/Foundation/Application.php(1058): Illuminate\\Container\\Container->make()
#16 /workspaces/vortice-pulse-app/vendor/laravel/framework/src/Illuminate/Pipeline/Pipeline.php(198): Illuminate\\Foundation\\Application->make()
#17 /workspaces/vortice-pulse-app/vendor/laravel/framework/src/Illuminate/Pipeline/Pipeline.php(127): Illuminate\\Pipeline\\Pipeline->Illuminate\\Pipeline\\{closure}()
#18 /workspaces/vortice-pulse-app/vendor/laravel/framework/src/Illuminate/Routing/Router.php(807): Illuminate\\Pipeline\\Pipeline->then()
#19 /workspaces/vortice-pulse-app/vendor/laravel/framework/src/Illuminate/Routing/Router.php(786): Illuminate\\Routing\\Router->runRouteWithinStack()
#20 /workspaces/vortice-pulse-app/vendor/laravel/framework/src/Illuminate/Routing/Router.php(750): Illuminate\\Routing\\Router->runRoute()
#21 /workspaces/vortice-pulse-app/vendor/laravel/framework/src/Illuminate/Routing/Router.php(739): Illuminate\\Routing\\Router->dispatchToRoute()
#22 /workspaces/vortice-pulse-app/vendor/laravel/framework/src/Illuminate/Foundation/Http/Kernel.php(201): Illuminate\\Routing\\Router->dispatch()
#23 /workspaces/vortice-pulse-app/vendor/laravel/framework/src/Illuminate/Pipeline/Pipeline.php(170): Illuminate\\Foundation\\Http\\Kernel->Illuminate\\Foundation\\Http\\{closure}()
#24 /workspaces/vortice-pulse-app/vendor/laravel/framework/src/Illuminate/Foundation/Http/Middleware/TransformsRequest.php(21): Illuminate\\Pipeline\\Pipeline->Illuminate\\Pipeline\\{closure}()
#25 /workspaces/vortice-pulse-app/vendor/laravel/framework/src/Illuminate/Foundation/Http/Middleware/ConvertEmptyStringsToNull.php(31): Illuminate\\Foundation\\Http\\Middleware\\TransformsRequest->handle()
#26 /workspaces/vortice-pulse-app/vendor/laravel/framework/src/Illuminate/Pipeline/Pipeline.php(209): Illuminate\\Foundation\\Http\\Middleware\\ConvertEmptyStringsToNull->handle()
#27 /workspaces/vortice-pulse-app/vendor/laravel/framework/src/Illuminate/Foundation/Http/Middleware/TransformsRequest.php(21): Illuminate\\Pipeline\\Pipeline->Illuminate\\Pipeline\\{closure}()
#28 /workspaces/vortice-pulse-app/vendor/laravel/framework/src/Illuminate/Foundation/Http/Middleware/TrimStrings.php(51): Illuminate\\Foundation\\Http\\Middleware\\TransformsRequest->handle()
#29 /workspaces/vortice-pulse-app/vendor/laravel/framework/src/Illuminate/Pipeline/Pipeline.php(209): Illuminate\\Foundation\\Http\\Middleware\\TrimStrings->handle()
#30 /workspaces/vortice-pulse-app/vendor/laravel/framework/src/Illuminate/Http/Middleware/ValidatePostSize.php(27): Illuminate\\Pipeline\\Pipeline->Illuminate\\Pipeline\\{closure}()
#31 /workspaces/vortice-pulse-app/vendor/laravel/framework/src/Illuminate/Pipeline/Pipeline.php(209): Illuminate\\Http\\Middleware\\ValidatePostSize->handle()
#32 /workspaces/vortice-pulse-app/vendor/laravel/framework/src/Illuminate/Foundation/Http/Middleware/PreventRequestsDuringMaintenance.php(110): Illuminate\\Pipeline\\Pipeline->Illuminate\\Pipeline\\{closure}()
#33 /workspaces/vortice-pulse-app/vendor/laravel/framework/src/Illuminate/Pipeline/Pipeline.php(209): Illuminate\\Foundation\\Http\\Middleware\\PreventRequestsDuringMaintenance->handle()
#34 /workspaces/vortice-pulse-app/vendor/laravel/framework/src/Illuminate/Http/Middleware/HandleCors.php(49): Illuminate\\Pipeline\\Pipeline->Illuminate\\Pipeline\\{closure}()
#35 /workspaces/vortice-pulse-app/vendor/laravel/framework/src/Illuminate/Pipeline/Pipeline.php(209): Illuminate\\Http\\Middleware\\HandleCors->handle()
#36 /workspaces/vortice-pulse-app/vendor/laravel/framework/src/Illuminate/Http/Middleware/TrustProxies.php(58): Illuminate\\Pipeline\\Pipeline->Illuminate\\Pipeline\\{closure}()
#37 /workspaces/vortice-pulse-app/vendor/laravel/framework/src/Illuminate/Pipeline/Pipeline.php(209): Illuminate\\Http\\Middleware\\TrustProxies->handle()
#38 /workspaces/vortice-pulse-app/vendor/laravel/framework/src/Illuminate/Foundation/Http/Middleware/InvokeDeferredCallbacks.php(22): Illuminate\\Pipeline\\Pipeline->Illuminate\\Pipeline\\{closure}()
#39 /workspaces/vortice-pulse-app/vendor/laravel/framework/src/Illuminate/Pipeline/Pipeline.php(209): Illuminate\\Foundation\\Http\\Middleware\\InvokeDeferredCallbacks->handle()
#40 /workspaces/vortice-pulse-app/vendor/laravel/framework/src/Illuminate/Pipeline/Pipeline.php(127): Illuminate\\Pipeline\\Pipeline->Illuminate\\Pipeline\\{closure}()
#41 /workspaces/vortice-pulse-app/vendor/laravel/framework/src/Illuminate/Foundation/Http/Kernel.php(176): Illuminate\\Pipeline\\Pipeline->then()
#42 /workspaces/vortice-pulse-app/vendor/laravel/framework/src/Illuminate/Foundation/Http/Kernel.php(145): Illuminate\\Foundation\\Http\\Kernel->sendRequestThroughRouter()
#43 /workspaces/vortice-pulse-app/vendor/laravel/framework/src/Illuminate/Foundation/Application.php(1220): Illuminate\\Foundation\\Http\\Kernel->handle()
#44 /workspaces/vortice-pulse-app/public/index.php(17): Illuminate\\Foundation\\Application->handleRequest()
#45 /workspaces/vortice-pulse-app/vendor/laravel/framework/src/Illuminate/Foundation/resources/server.php(23): require_once('...')
#46 {main}
"} 
[2026-07-17 23:38:27] production.ERROR: Please provide a valid cache path. {"exception":"[object] (InvalidArgumentException(code: 0): Please provide a valid cache path. at /workspaces/vortice-pulse-app/vendor/laravel/framework/src/Illuminate/View/Compilers/Compiler.php:67)
[stacktrace]
#0 /workspaces/vortice-pulse-app/vendor/laravel/framework/src/Illuminate/View/ViewServiceProvider.php(97): Illuminate\\View\\Compilers\\Compiler->__construct()
#1 /workspaces/vortice-pulse-app/vendor/laravel/framework/src/Illuminate/Container/Container.php(952): Illuminate\\View\\ViewServiceProvider->Illuminate\\View\\{closure}()
#2 /workspaces/vortice-pulse-app/vendor/laravel/framework/src/Illuminate/Container/Container.php(832): Illuminate\\Container\\Container->build()
#3 /workspaces/vortice-pulse-app/vendor/laravel/framework/src/Illuminate/Foundation/Application.php(1078): Illuminate\\Container\\Container->resolve()
#4 /workspaces/vortice-pulse-app/vendor/laravel/framework/src/Illuminate/Container/Container.php(763): Illuminate\\Foundation\\Application->resolve()
#5 /workspaces/vortice-pulse-app/vendor/laravel/framework/src/Illuminate/Foundation/Application.php(1058): Illuminate\\Container\\Container->make()
#6 /workspaces/vortice-pulse-app/vendor/laravel/framework/src/Illuminate/View/ViewServiceProvider.php(168): Illuminate\\Foundation\\Application->make()
#7 [internal function]: Illuminate\\View\\ViewServiceProvider->Illuminate\\View\\{closure}()
#8 /workspaces/vortice-pulse-app/vendor/laravel/framework/src/Illuminate/View/Engines/EngineResolver.php(55): call_user_func()
#9 /workspaces/vortice-pulse-app/vendor/laravel/framework/src/Illuminate/View/Factory.php(326): Illuminate\\View\\Engines\\EngineResolver->resolve()
#10 /workspaces/vortice-pulse-app/vendor/laravel/framework/src/Illuminate/View/Factory.php(288): Illuminate\\View\\Factory->getEngineFromPath()
#11 /workspaces/vortice-pulse-app/vendor/laravel/framework/src/Illuminate/View/Factory.php(160): Illuminate\\View\\Factory->viewInstance()
#12 /workspaces/vortice-pulse-app/vendor/laravel/framework/src/Illuminate/Routing/ResponseFactory.php(90): Illuminate\\View\\Factory->make()
#13 /workspaces/vortice-pulse-app/vendor/laravel/framework/src/Illuminate/Foundation/Exceptions/Handler.php(894): Illuminate\\Routing\\ResponseFactory->view()
#14 /workspaces/vortice-pulse-app/vendor/laravel/framework/src/Illuminate/Foundation/Exceptions/Handler.php(815): Illuminate\\Foundation\\Exceptions\\Handler->renderHttpException()
#15 /workspaces/vortice-pulse-app/vendor/laravel/framework/src/Illuminate/Foundation/Exceptions/Handler.php(706): Illuminate\\Foundation\\Exceptions\\Handler->prepareResponse()
#16 /workspaces/vortice-pulse-app/vendor/laravel/framework/src/Illuminate/Foundation/Exceptions/Handler.php(594): Illuminate\\Foundation\\Exceptions\\Handler->renderExceptionResponse()
#17 /workspaces/vortice-pulse-app/vendor/laravel/framework/src/Illuminate/Routing/Pipeline.php(51): Illuminate\\Foundation\\Exceptions\\Handler->render()
#18 /workspaces/vortice-pulse-app/vendor/laravel/framework/src/Illuminate/Pipeline/Pipeline.php(214): Illuminate\\Routing\\Pipeline->handleException()
#19 /workspaces/vortice-pulse-app/vendor/laravel/framework/src/Illuminate/Pipeline/Pipeline.php(127): Illuminate\\Pipeline\\Pipeline->Illuminate\\Pipeline\\{closure}()
#20 /workspaces/vortice-pulse-app/vendor/laravel/framework/src/Illuminate/Routing/Router.php(807): Illuminate\\Pipeline\\Pipeline->then()
#21 /workspaces/vortice-pulse-app/vendor/laravel/framework/src/Illuminate/Routing/Router.php(786): Illuminate\\Routing\\Router->runRouteWithinStack()
#22 /workspaces/vortice-pulse-app/vendor/laravel/framework/src/Illuminate/Routing/Router.php(750): Illuminate\\Routing\\Router->runRoute()
#23 /workspaces/vortice-pulse-app/vendor/laravel/framework/src/Illuminate/Routing/Router.php(739): Illuminate\\Routing\\Router->dispatchToRoute()
#24 /workspaces/vortice-pulse-app/vendor/laravel/framework/src/Illuminate/Foundation/Http/Kernel.php(201): Illuminate\\Routing\\Router->dispatch()
#25 /workspaces/vortice-pulse-app/vendor/laravel/framework/src/Illuminate/Pipeline/Pipeline.php(170): Illuminate\\Foundation\\Http\\Kernel->Illuminate\\Foundation\\Http\\{closure}()
#26 /workspaces/vortice-pulse-app/vendor/laravel/framework/src/Illuminate/Foundation/Http/Middleware/TransformsRequest.php(21): Illuminate\\Pipeline\\Pipeline->Illuminate\\Pipeline\\{closure}()
#27 /workspaces/vortice-pulse-app/vendor/laravel/framework/src/Illuminate/Foundation/Http/Middleware/ConvertEmptyStringsToNull.php(31): Illuminate\\Foundation\\Http\\Middleware\\TransformsRequest->handle()
#28 /workspaces/vortice-pulse-app/vendor/laravel/framework/src/Illuminate/Pipeline/Pipeline.php(209): Illuminate\\Foundation\\Http\\Middleware\\ConvertEmptyStringsToNull->handle()
#29 /workspaces/vortice-pulse-app/vendor/laravel/framework/src/Illuminate/Foundation/Http/Middleware/TransformsRequest.php(21): Illuminate\\Pipeline\\Pipeline->Illuminate\\Pipeline\\{closure}()
#30 /workspaces/vortice-pulse-app/vendor/laravel/framework/src/Illuminate/Foundation/Http/Middleware/TrimStrings.php(51): Illuminate\\Foundation\\Http\\Middleware\\TransformsRequest->handle()
#31 /workspaces/vortice-pulse-app/vendor/laravel/framework/src/Illuminate/Pipeline/Pipeline.php(209): Illuminate\\Foundation\\Http\\Middleware\\TrimStrings->handle()
#32 /workspaces/vortice-pulse-app/vendor/laravel/framework/src/Illuminate/Http/Middleware/ValidatePostSize.php(27): Illuminate\\Pipeline\\Pipeline->Illuminate\\Pipeline\\{closure}()
#33 /workspaces/vortice-pulse-app/vendor/laravel/framework/src/Illuminate/Pipeline/Pipeline.php(209): Illuminate\\Http\\Middleware\\ValidatePostSize->handle()
#34 /workspaces/vortice-pulse-app/vendor/laravel/framework/src/Illuminate/Foundation/Http/Middleware/PreventRequestsDuringMaintenance.php(110): Illuminate\\Pipeline\\Pipeline->Illuminate\\Pipeline\\{closure}()
#35 /workspaces/vortice-pulse-app/vendor/laravel/framework/src/Illuminate/Pipeline/Pipeline.php(209): Illuminate\\Foundation\\Http\\Middleware\\PreventRequestsDuringMaintenance->handle()
#36 /workspaces/vortice-pulse-app/vendor/laravel/framework/src/Illuminate/Http/Middleware/HandleCors.php(49): Illuminate\\Pipeline\\Pipeline->Illuminate\\Pipeline\\{closure}()
#37 /workspaces/vortice-pulse-app/vendor/laravel/framework/src/Illuminate/Pipeline/Pipeline.php(209): Illuminate\\Http\\Middleware\\HandleCors->handle()
#38 /workspaces/vortice-pulse-app/vendor/laravel/framework/src/Illuminate/Http/Middleware/TrustProxies.php(58): Illuminate\\Pipeline\\Pipeline->Illuminate\\Pipeline\\{closure}()
#39 /workspaces/vortice-pulse-app/vendor/laravel/framework/src/Illuminate/Pipeline/Pipeline.php(209): Illuminate\\Http\\Middleware\\TrustProxies->handle()
#40 /workspaces/vortice-pulse-app/vendor/laravel/framework/src/Illuminate/Foundation/Http/Middleware/InvokeDeferredCallbacks.php(22): Illuminate\\Pipeline\\Pipeline->Illuminate\\Pipeline\\{closure}()
#41 /workspaces/vortice-pulse-app/vendor/laravel/framework/src/Illuminate/Pipeline/Pipeline.php(209): Illuminate\\Foundation\\Http\\Middleware\\InvokeDeferredCallbacks->handle()
#42 /workspaces/vortice-pulse-app/vendor/laravel/framework/src/Illuminate/Pipeline/Pipeline.php(127): Illuminate\\Pipeline\\Pipeline->Illuminate\\Pipeline\\{closure}()
#43 /workspaces/vortice-pulse-app/vendor/laravel/framework/src/Illuminate/Foundation/Http/Kernel.php(176): Illuminate\\Pipeline\\Pipeline->then()
#44 /workspaces/vortice-pulse-app/vendor/laravel/framework/src/Illuminate/Foundation/Http/Kernel.php(145): Illuminate\\Foundation\\Http\\Kernel->sendRequestThroughRouter()
#45 /workspaces/vortice-pulse-app/vendor/laravel/framework/src/Illuminate/Foundation/Application.php(1220): Illuminate\\Foundation\\Http\\Kernel->handle()
#46 /workspaces/vortice-pulse-app/public/index.php(17): Illuminate\\Foundation\\Application->handleRequest()
#47 /workspaces/vortice-pulse-app/vendor/laravel/framework/src/Illuminate/Foundation/resources/server.php(23): require_once('...')
#48 {main}
"} 
[2026-07-17 23:38:27] production.ERROR: No application encryption key has been specified. {"exception":"[object] (Illuminate\\Encryption\\MissingAppKeyException(code: 0): No application encryption key has been specified. at /workspaces/vortice-pulse-app/vendor/laravel/framework/src/Illuminate/Encryption/EncryptionServiceProvider.php:83)
[stacktrace]
#0 /workspaces/vortice-pulse-app/vendor/laravel/framework/src/Illuminate/Support/helpers.php(399): Illuminate\\Encryption\\EncryptionServiceProvider->Illuminate\\Encryption\\{closure}()
#1 /workspaces/vortice-pulse-app/vendor/laravel/framework/src/Illuminate/Encryption/EncryptionServiceProvider.php(81): tap()
#2 /workspaces/vortice-pulse-app/vendor/laravel/framework/src/Illuminate/Encryption/EncryptionServiceProvider.php(64): Illuminate\\Encryption\\EncryptionServiceProvider->key()
#3 /workspaces/vortice-pulse-app/vendor/laravel/framework/src/Illuminate/Encryption/EncryptionServiceProvider.php(32): Illuminate\\Encryption\\EncryptionServiceProvider->parseKey()
#4 /workspaces/vortice-pulse-app/vendor/laravel/framework/src/Illuminate/Container/Container.php(952): Illuminate\\Encryption\\EncryptionServiceProvider->Illuminate\\Encryption\\{closure}()
#5 /workspaces/vortice-pulse-app/vendor/laravel/framework/src/Illuminate/Container/Container.php(832): Illuminate\\Container\\Container->build()
#6 /workspaces/vortice-pulse-app/vendor/laravel/framework/src/Illuminate/Foundation/Application.php(1078): Illuminate\\Container\\Container->resolve()
#7 /workspaces/vortice-pulse-app/vendor/laravel/framework/src/Illuminate/Container/Container.php(763): Illuminate\\Foundation\\Application->resolve()
#8 /workspaces/vortice-pulse-app/vendor/laravel/framework/src/Illuminate/Foundation/Application.php(1058): Illuminate\\Container\\Container->make()
#9 /workspaces/vortice-pulse-app/vendor/laravel/framework/src/Illuminate/Container/Container.php(1133): Illuminate\\Foundation\\Application->make()
#10 /workspaces/vortice-pulse-app/vendor/laravel/framework/src/Illuminate/Container/Container.php(1043): Illuminate\\Container\\Container->resolveClass()
#11 /workspaces/vortice-pulse-app/vendor/laravel/framework/src/Illuminate/Container/Container.php(994): Illuminate\\Container\\Container->resolveDependencies()
#12 /workspaces/vortice-pulse-app/vendor/laravel/framework/src/Illuminate/Container/Container.php(832): Illuminate\\Container\\Container->build()
#13 /workspaces/vortice-pulse-app/vendor/laravel/framework/src/Illuminate/Foundation/Application.php(1078): Illuminate\\Container\\Container->resolve()
#14 /workspaces/vortice-pulse-app/vendor/laravel/framework/src/Illuminate/Container/Container.php(763): Illuminate\\Foundation\\Application->resolve()
#15 /workspaces/vortice-pulse-app/vendor/laravel/framework/src/Illuminate/Foundation/Application.php(1058): Illuminate\\Container\\Container->make()
#16 /workspaces/vortice-pulse-app/vendor/laravel/framework/src/Illuminate/Foundation/Http/Kernel.php(258): Illuminate\\Foundation\\Application->make()
#17 /workspaces/vortice-pulse-app/vendor/laravel/framework/src/Illuminate/Foundation/Http/Kernel.php(216): Illuminate\\Foundation\\Http\\Kernel->terminateMiddleware()
#18 /workspaces/vortice-pulse-app/vendor/laravel/framework/src/Illuminate/Foundation/Application.php(1222): Illuminate\\Foundation\\Http\\Kernel->terminate()
#19 /workspaces/vortice-pulse-app/public/index.php(17): Illuminate\\Foundation\\Application->handleRequest()
#20 /workspaces/vortice-pulse-app/vendor/laravel/framework/src/Illuminate/Foundation/resources/server.php(23): require_once('...')
#21 {main}
"} 
[2026-07-17 23:38:27] production.ERROR: Please provide a valid cache path. {"exception":"[object] (InvalidArgumentException(code: 0): Please provide a valid cache path. at /workspaces/vortice-pulse-app/vendor/laravel/framework/src/Illuminate/View/Compilers/Compiler.php:67)
[stacktrace]
#0 /workspaces/vortice-pulse-app/vendor/laravel/framework/src/Illuminate/View/ViewServiceProvider.php(97): Illuminate\\View\\Compilers\\Compiler->__construct()
#1 /workspaces/vortice-pulse-app/vendor/laravel/framework/src/Illuminate/Container/Container.php(952): Illuminate\\View\\ViewServiceProvider->Illuminate\\View\\{closure}()
#2 /workspaces/vortice-pulse-app/vendor/laravel/framework/src/Illuminate/Container/Container.php(832): Illuminate\\Container\\Container->build()
#3 /workspaces/vortice-pulse-app/vendor/laravel/framework/src/Illuminate/Foundation/Application.php(1078): Illuminate\\Container\\Container->resolve()
#4 /workspaces/vortice-pulse-app/vendor/laravel/framework/src/Illuminate/Container/Container.php(763): Illuminate\\Foundation\\Application->resolve()
#5 /workspaces/vortice-pulse-app/vendor/laravel/framework/src/Illuminate/Foundation/Application.php(1058): Illuminate\\Container\\Container->make()
#6 /workspaces/vortice-pulse-app/vendor/laravel/framework/src/Illuminate/View/ViewServiceProvider.php(168): Illuminate\\Foundation\\Application->make()
#7 [internal function]: Illuminate\\View\\ViewServiceProvider->Illuminate\\View\\{closure}()
#8 /workspaces/vortice-pulse-app/vendor/laravel/framework/src/Illuminate/View/Engines/EngineResolver.php(55): call_user_func()
#9 /workspaces/vortice-pulse-app/vendor/laravel/framework/src/Illuminate/View/Factory.php(319): Illuminate\\View\\Engines\\EngineResolver->resolve()
#10 /workspaces/vortice-pulse-app/vendor/laravel/framework/src/Illuminate/View/Factory.php(288): Illuminate\\View\\Factory->getEngineFromPath()
#11 /workspaces/vortice-pulse-app/vendor/laravel/framework/src/Illuminate/View/Factory.php(160): Illuminate\\View\\Factory->viewInstance()
#12 /workspaces/vortice-pulse-app/vendor/laravel/framework/src/Illuminate/Routing/ResponseFactory.php(90): Illuminate\\View\\Factory->make()
#13 /workspaces/vortice-pulse-app/vendor/laravel/framework/src/Illuminate/Foundation/Exceptions/Handler.php(894): Illuminate\\Routing\\ResponseFactory->view()
#14 /workspaces/vortice-pulse-app/vendor/laravel/framework/src/Illuminate/Foundation/Exceptions/Handler.php(815): Illuminate\\Foundation\\Exceptions\\Handler->renderHttpException()
#15 /workspaces/vortice-pulse-app/vendor/laravel/framework/src/Illuminate/Foundation/Exceptions/Handler.php(706): Illuminate\\Foundation\\Exceptions\\Handler->prepareResponse()
#16 /workspaces/vortice-pulse-app/vendor/laravel/framework/src/Illuminate/Foundation/Exceptions/Handler.php(594): Illuminate\\Foundation\\Exceptions\\Handler->renderExceptionResponse()
#17 /workspaces/vortice-pulse-app/vendor/laravel/framework/src/Illuminate/Foundation/Bootstrap/HandleExceptions.php(221): Illuminate\\Foundation\\Exceptions\\Handler->render()
#18 /workspaces/vortice-pulse-app/vendor/laravel/framework/src/Illuminate/Foundation/Bootstrap/HandleExceptions.php(198): Illuminate\\Foundation\\Bootstrap\\HandleExceptions->renderHttpResponse()
#19 /workspaces/vortice-pulse-app/vendor/laravel/framework/src/Illuminate/Foundation/Bootstrap/HandleExceptions.php(258): Illuminate\\Foundation\\Bootstrap\\HandleExceptions->handleException()
#20 [internal function]: Illuminate\\Foundation\\Bootstrap\\HandleExceptions->Illuminate\\Foundation\\Bootstrap\\{closure}()
#21 {main}
"} 
[2026-07-17 23:38:31] production.ERROR: No application encryption key has been specified. {"exception":"[object] (Illuminate\\Encryption\\MissingAppKeyException(code: 0): No application encryption key has been specified. at /workspaces/vortice-pulse-app/vendor/laravel/framework/src/Illuminate/Encryption/EncryptionServiceProvider.php:83)
[stacktrace]
#0 /workspaces/vortice-pulse-app/vendor/laravel/framework/src/Illuminate/Support/helpers.php(399): Illuminate\\Encryption\\EncryptionServiceProvider->Illuminate\\Encryption\\{closure}()
#1 /workspaces/vortice-pulse-app/vendor/laravel/framework/src/Illuminate/Encryption/EncryptionServiceProvider.php(81): tap()
#2 /workspaces/vortice-pulse-app/vendor/laravel/framework/src/Illuminate/Encryption/EncryptionServiceProvider.php(64): Illuminate\\Encryption\\EncryptionServiceProvider->key()
#3 /workspaces/vortice-pulse-app/vendor/laravel/framework/src/Illuminate/Encryption/EncryptionServiceProvider.php(32): Illuminate\\Encryption\\EncryptionServiceProvider->parseKey()
#4 /workspaces/vortice-pulse-app/vendor/laravel/framework/src/Illuminate/Container/Container.php(952): Illuminate\\Encryption\\EncryptionServiceProvider->Illuminate\\Encryption\\{closure}()
#5 /workspaces/vortice-pulse-app/vendor/laravel/framework/src/Illuminate/Container/Container.php(832): Illuminate\\Container\\Container->build()
#6 /workspaces/vortice-pulse-app/vendor/laravel/framework/src/Illuminate/Foundation/Application.php(1078): Illuminate\\Container\\Container->resolve()
#7 /workspaces/vortice-pulse-app/vendor/laravel/framework/src/Illuminate/Container/Container.php(763): Illuminate\\Foundation\\Application->resolve()
#8 /workspaces/vortice-pulse-app/vendor/laravel/framework/src/Illuminate/Foundation/Application.php(1058): Illuminate\\Container\\Container->make()
#9 /workspaces/vortice-pulse-app/vendor/laravel/framework/src/Illuminate/Container/Container.php(1133): Illuminate\\Foundation\\Application->make()
#10 /workspaces/vortice-pulse-app/vendor/laravel/framework/src/Illuminate/Container/Container.php(1043): Illuminate\\Container\\Container->resolveClass()
#11 /workspaces/vortice-pulse-app/vendor/laravel/framework/src/Illuminate/Container/Container.php(994): Illuminate\\Container\\Container->resolveDependencies()
#12 /workspaces/vortice-pulse-app/vendor/laravel/framework/src/Illuminate/Container/Container.php(832): Illuminate\\Container\\Container->build()
#13 /workspaces/vortice-pulse-app/vendor/laravel/framework/src/Illuminate/Foundation/Application.php(1078): Illuminate\\Container\\Container->resolve()
#14 /workspaces/vortice-pulse-app/vendor/laravel/framework/src/Illuminate/Container/Container.php(763): Illuminate\\Foundation\\Application->resolve()
#15 /workspaces/vortice-pulse-app/vendor/laravel/framework/src/Illuminate/Foundation/Application.php(1058): Illuminate\\Container\\Container->make()
#16 /workspaces/vortice-pulse-app/vendor/laravel/framework/src/Illuminate/Pipeline/Pipeline.php(198): Illuminate\\Foundation\\Application->make()
#17 /workspaces/vortice-pulse-app/vendor/laravel/framework/src/Illuminate/Pipeline/Pipeline.php(127): Illuminate\\Pipeline\\Pipeline->Illuminate\\Pipeline\\{closure}()
#18 /workspaces/vortice-pulse-app/vendor/laravel/framework/src/Illuminate/Routing/Router.php(807): Illuminate\\Pipeline\\Pipeline->then()
#19 /workspaces/vortice-pulse-app/vendor/laravel/framework/src/Illuminate/Routing/Router.php(786): Illuminate\\Routing\\Router->runRouteWithinStack()
#20 /workspaces/vortice-pulse-app/vendor/laravel/framework/src/Illuminate/Routing/Router.php(750): Illuminate\\Routing\\Router->runRoute()
#21 /workspaces/vortice-pulse-app/vendor/laravel/framework/src/Illuminate/Routing/Router.php(739): Illuminate\\Routing\\Router->dispatchToRoute()
#22 /workspaces/vortice-pulse-app/vendor/laravel/framework/src/Illuminate/Foundation/Http/Kernel.php(201): Illuminate\\Routing\\Router->dispatch()
#23 /workspaces/vortice-pulse-app/vendor/laravel/framework/src/Illuminate/Pipeline/Pipeline.php(170): Illuminate\\Foundation\\Http\\Kernel->Illuminate\\Foundation\\Http\\{closure}()
#24 /workspaces/vortice-pulse-app/vendor/laravel/framework/src/Illuminate/Foundation/Http/Middleware/TransformsRequest.php(21): Illuminate\\Pipeline\\Pipeline->Illuminate\\Pipeline\\{closure}()
#25 /workspaces/vortice-pulse-app/vendor/laravel/framework/src/Illuminate/Foundation/Http/Middleware/ConvertEmptyStringsToNull.php(31): Illuminate\\Foundation\\Http\\Middleware\\TransformsRequest->handle()
#26 /workspaces/vortice-pulse-app/vendor/laravel/framework/src/Illuminate/Pipeline/Pipeline.php(209): Illuminate\\Foundation\\Http\\Middleware\\ConvertEmptyStringsToNull->handle()
#27 /workspaces/vortice-pulse-app/vendor/laravel/framework/src/Illuminate/Foundation/Http/Middleware/TransformsRequest.php(21): Illuminate\\Pipeline\\Pipeline->Illuminate\\Pipeline\\{closure}()
#28 /workspaces/vortice-pulse-app/vendor/laravel/framework/src/Illuminate/Foundation/Http/Middleware/TrimStrings.php(51): Illuminate\\Foundation\\Http\\Middleware\\TransformsRequest->handle()
#29 /workspaces/vortice-pulse-app/vendor/laravel/framework/src/Illuminate/Pipeline/Pipeline.php(209): Illuminate\\Foundation\\Http\\Middleware\\TrimStrings->handle()
#30 /workspaces/vortice-pulse-app/vendor/laravel/framework/src/Illuminate/Http/Middleware/ValidatePostSize.php(27): Illuminate\\Pipeline\\Pipeline->Illuminate\\Pipeline\\{closure}()
#31 /workspaces/vortice-pulse-app/vendor/laravel/framework/src/Illuminate/Pipeline/Pipeline.php(209): Illuminate\\Http\\Middleware\\ValidatePostSize->handle()
#32 /workspaces/vortice-pulse-app/vendor/laravel/framework/src/Illuminate/Foundation/Http/Middleware/PreventRequestsDuringMaintenance.php(110): Illuminate\\Pipeline\\Pipeline->Illuminate\\Pipeline\\{closure}()
#33 /workspaces/vortice-pulse-app/vendor/laravel/framework/src/Illuminate/Pipeline/Pipeline.php(209): Illuminate\\Foundation\\Http\\Middleware\\PreventRequestsDuringMaintenance->handle()
#34 /workspaces/vortice-pulse-app/vendor/laravel/framework/src/Illuminate/Http/Middleware/HandleCors.php(49): Illuminate\\Pipeline\\Pipeline->Illuminate\\Pipeline\\{closure}()
#35 /workspaces/vortice-pulse-app/vendor/laravel/framework/src/Illuminate/Pipeline/Pipeline.php(209): Illuminate\\Http\\Middleware\\HandleCors->handle()
#36 /workspaces/vortice-pulse-app/vendor/laravel/framework/src/Illuminate/Http/Middleware/TrustProxies.php(58): Illuminate\\Pipeline\\Pipeline->Illuminate\\Pipeline\\{closure}()
#37 /workspaces/vortice-pulse-app/vendor/laravel/framework/src/Illuminate/Pipeline/Pipeline.php(209): Illuminate\\Http\\Middleware\\TrustProxies->handle()
#38 /workspaces/vortice-pulse-app/vendor/laravel/framework/src/Illuminate/Foundation/Http/Middleware/InvokeDeferredCallbacks.php(22): Illuminate\\Pipeline\\Pipeline->Illuminate\\Pipeline\\{closure}()
#39 /workspaces/vortice-pulse-app/vendor/laravel/framework/src/Illuminate/Pipeline/Pipeline.php(209): Illuminate\\Foundation\\Http\\Middleware\\InvokeDeferredCallbacks->handle()
#40 /workspaces/vortice-pulse-app/vendor/laravel/framework/src/Illuminate/Pipeline/Pipeline.php(127): Illuminate\\Pipeline\\Pipeline->Illuminate\\Pipeline\\{closure}()
#41 /workspaces/vortice-pulse-app/vendor/laravel/framework/src/Illuminate/Foundation/Http/Kernel.php(176): Illuminate\\Pipeline\\Pipeline->then()
#42 /workspaces/vortice-pulse-app/vendor/laravel/framework/src/Illuminate/Foundation/Http/Kernel.php(145): Illuminate\\Foundation\\Http\\Kernel->sendRequestThroughRouter()
#43 /workspaces/vortice-pulse-app/vendor/laravel/framework/src/Illuminate/Foundation/Application.php(1220): Illuminate\\Foundation\\Http\\Kernel->handle()
#44 /workspaces/vortice-pulse-app/public/index.php(17): Illuminate\\Foundation\\Application->handleRequest()
#45 /workspaces/vortice-pulse-app/vendor/laravel/framework/src/Illuminate/Foundation/resources/server.php(23): require_once('...')
#46 {main}
"} 
[2026-07-17 23:38:31] production.ERROR: Please provide a valid cache path. {"exception":"[object] (InvalidArgumentException(code: 0): Please provide a valid cache path. at /workspaces/vortice-pulse-app/vendor/laravel/framework/src/Illuminate/View/Compilers/Compiler.php:67)
[stacktrace]
#0 /workspaces/vortice-pulse-app/vendor/laravel/framework/src/Illuminate/View/ViewServiceProvider.php(97): Illuminate\\View\\Compilers\\Compiler->__construct()
#1 /workspaces/vortice-pulse-app/vendor/laravel/framework/src/Illuminate/Container/Container.php(952): Illuminate\\View\\ViewServiceProvider->Illuminate\\View\\{closure}()
#2 /workspaces/vortice-pulse-app/vendor/laravel/framework/src/Illuminate/Container/Container.php(832): Illuminate\\Container\\Container->build()
#3 /workspaces/vortice-pulse-app/vendor/laravel/framework/src/Illuminate/Foundation/Application.php(1078): Illuminate\\Container\\Container->resolve()
#4 /workspaces/vortice-pulse-app/vendor/laravel/framework/src/Illuminate/Container/Container.php(763): Illuminate\\Foundation\\Application->resolve()
#5 /workspaces/vortice-pulse-app/vendor/laravel/framework/src/Illuminate/Foundation/Application.php(1058): Illuminate\\Container\\Container->make()
#6 /workspaces/vortice-pulse-app/vendor/laravel/framework/src/Illuminate/View/ViewServiceProvider.php(168): Illuminate\\Foundation\\Application->make()
#7 [internal function]: Illuminate\\View\\ViewServiceProvider->Illuminate\\View\\{closure}()
#8 /workspaces/vortice-pulse-app/vendor/laravel/framework/src/Illuminate/View/Engines/EngineResolver.php(55): call_user_func()
#9 /workspaces/vortice-pulse-app/vendor/laravel/framework/src/Illuminate/View/Factory.php(326): Illuminate\\View\\Engines\\EngineResolver->resolve()
#10 /workspaces/vortice-pulse-app/vendor/laravel/framework/src/Illuminate/View/Factory.php(288): Illuminate\\View\\Factory->getEngineFromPath()
#11 /workspaces/vortice-pulse-app/vendor/laravel/framework/src/Illuminate/View/Factory.php(160): Illuminate\\View\\Factory->viewInstance()
#12 /workspaces/vortice-pulse-app/vendor/laravel/framework/src/Illuminate/Routing/ResponseFactory.php(90): Illuminate\\View\\Factory->make()
#13 /workspaces/vortice-pulse-app/vendor/laravel/framework/src/Illuminate/Foundation/Exceptions/Handler.php(894): Illuminate\\Routing\\ResponseFactory->view()
#14 /workspaces/vortice-pulse-app/vendor/laravel/framework/src/Illuminate/Foundation/Exceptions/Handler.php(815): Illuminate\\Foundation\\Exceptions\\Handler->renderHttpException()
#15 /workspaces/vortice-pulse-app/vendor/laravel/framework/src/Illuminate/Foundation/Exceptions/Handler.php(706): Illuminate\\Foundation\\Exceptions\\Handler->prepareResponse()
#16 /workspaces/vortice-pulse-app/vendor/laravel/framework/src/Illuminate/Foundation/Exceptions/Handler.php(594): Illuminate\\Foundation\\Exceptions\\Handler->renderExceptionResponse()
#17 /workspaces/vortice-pulse-app/vendor/laravel/framework/src/Illuminate/Routing/Pipeline.php(51): Illuminate\\Foundation\\Exceptions\\Handler->render()
#18 /workspaces/vortice-pulse-app/vendor/laravel/framework/src/Illuminate/Pipeline/Pipeline.php(214): Illuminate\\Routing\\Pipeline->handleException()
#19 /workspaces/vortice-pulse-app/vendor/laravel/framework/src/Illuminate/Pipeline/Pipeline.php(127): Illuminate\\Pipeline\\Pipeline->Illuminate\\Pipeline\\{closure}()
#20 /workspaces/vortice-pulse-app/vendor/laravel/framework/src/Illuminate/Routing/Router.php(807): Illuminate\\Pipeline\\Pipeline->then()
#21 /workspaces/vortice-pulse-app/vendor/laravel/framework/src/Illuminate/Routing/Router.php(786): Illuminate\\Routing\\Router->runRouteWithinStack()
#22 /workspaces/vortice-pulse-app/vendor/laravel/framework/src/Illuminate/Routing/Router.php(750): Illuminate\\Routing\\Router->runRoute()
#23 /workspaces/vortice-pulse-app/vendor/laravel/framework/src/Illuminate/Routing/Router.php(739): Illuminate\\Routing\\Router->dispatchToRoute()
#24 /workspaces/vortice-pulse-app/vendor/laravel/framework/src/Illuminate/Foundation/Http/Kernel.php(201): Illuminate\\Routing\\Router->dispatch()
#25 /workspaces/vortice-pulse-app/vendor/laravel/framework/src/Illuminate/Pipeline/Pipeline.php(170): Illuminate\\Foundation\\Http\\Kernel->Illuminate\\Foundation\\Http\\{closure}()
#26 /workspaces/vortice-pulse-app/vendor/laravel/framework/src/Illuminate/Foundation/Http/Middleware/TransformsRequest.php(21): Illuminate\\Pipeline\\Pipeline->Illuminate\\Pipeline\\{closure}()
#27 /workspaces/vortice-pulse-app/vendor/laravel/framework/src/Illuminate/Foundation/Http/Middleware/ConvertEmptyStringsToNull.php(31): Illuminate\\Foundation\\Http\\Middleware\\TransformsRequest->handle()
#28 /workspaces/vortice-pulse-app/vendor/laravel/framework/src/Illuminate/Pipeline/Pipeline.php(209): Illuminate\\Foundation\\Http\\Middleware\\ConvertEmptyStringsToNull->handle()
#29 /workspaces/vortice-pulse-app/vendor/laravel/framework/src/Illuminate/Foundation/Http/Middleware/TransformsRequest.php(21): Illuminate\\Pipeline\\Pipeline->Illuminate\\Pipeline\\{closure}()
#30 /workspaces/vortice-pulse-app/vendor/laravel/framework/src/Illuminate/Foundation/Http/Middleware/TrimStrings.php(51): Illuminate\\Foundation\\Http\\Middleware\\TransformsRequest->handle()
#31 /workspaces/vortice-pulse-app/vendor/laravel/framework/src/Illuminate/Pipeline/Pipeline.php(209): Illuminate\\Foundation\\Http\\Middleware\\TrimStrings->handle()
#32 /workspaces/vortice-pulse-app/vendor/laravel/framework/src/Illuminate/Http/Middleware/ValidatePostSize.php(27): Illuminate\\Pipeline\\Pipeline->Illuminate\\Pipeline\\{closure}()
#33 /workspaces/vortice-pulse-app/vendor/laravel/framework/src/Illuminate/Pipeline/Pipeline.php(209): Illuminate\\Http\\Middleware\\ValidatePostSize->handle()
#34 /workspaces/vortice-pulse-app/vendor/laravel/framework/src/Illuminate/Foundation/Http/Middleware/PreventRequestsDuringMaintenance.php(110): Illuminate\\Pipeline\\Pipeline->Illuminate\\Pipeline\\{closure}()
#35 /workspaces/vortice-pulse-app/vendor/laravel/framework/src/Illuminate/Pipeline/Pipeline.php(209): Illuminate\\Foundation\\Http\\Middleware\\PreventRequestsDuringMaintenance->handle()
#36 /workspaces/vortice-pulse-app/vendor/laravel/framework/src/Illuminate/Http/Middleware/HandleCors.php(49): Illuminate\\Pipeline\\Pipeline->Illuminate\\Pipeline\\{closure}()
#37 /workspaces/vortice-pulse-app/vendor/laravel/framework/src/Illuminate/Pipeline/Pipeline.php(209): Illuminate\\Http\\Middleware\\HandleCors->handle()
#38 /workspaces/vortice-pulse-app/vendor/laravel/framework/src/Illuminate/Http/Middleware/TrustProxies.php(58): Illuminate\\Pipeline\\Pipeline->Illuminate\\Pipeline\\{closure}()
#39 /workspaces/vortice-pulse-app/vendor/laravel/framework/src/Illuminate/Pipeline/Pipeline.php(209): Illuminate\\Http\\Middleware\\TrustProxies->handle()
#40 /workspaces/vortice-pulse-app/vendor/laravel/framework/src/Illuminate/Foundation/Http/Middleware/InvokeDeferredCallbacks.php(22): Illuminate\\Pipeline\\Pipeline->Illuminate\\Pipeline\\{closure}()
#41 /workspaces/vortice-pulse-app/vendor/laravel/framework/src/Illuminate/Pipeline/Pipeline.php(209): Illuminate\\Foundation\\Http\\Middleware\\InvokeDeferredCallbacks->handle()
#42 /workspaces/vortice-pulse-app/vendor/laravel/framework/src/Illuminate/Pipeline/Pipeline.php(127): Illuminate\\Pipeline\\Pipeline->Illuminate\\Pipeline\\{closure}()
#43 /workspaces/vortice-pulse-app/vendor/laravel/framework/src/Illuminate/Foundation/Http/Kernel.php(176): Illuminate\\Pipeline\\Pipeline->then()
#44 /workspaces/vortice-pulse-app/vendor/laravel/framework/src/Illuminate/Foundation/Http/Kernel.php(145): Illuminate\\Foundation\\Http\\Kernel->sendRequestThroughRouter()
#45 /workspaces/vortice-pulse-app/vendor/laravel/framework/src/Illuminate/Foundation/Application.php(1220): Illuminate\\Foundation\\Http\\Kernel->handle()
#46 /workspaces/vortice-pulse-app/public/index.php(17): Illuminate\\Foundation\\Application->handleRequest()
#47 /workspaces/vortice-pulse-app/vendor/laravel/framework/src/Illuminate/Foundation/resources/server.php(23): require_once('...')
#48 {main}
"} 
[2026-07-17 23:38:31] production.ERROR: No application encryption key has been specified. {"exception":"[object] (Illuminate\\Encryption\\MissingAppKeyException(code: 0): No application encryption key has been specified. at /workspaces/vortice-pulse-app/vendor/laravel/framework/src/Illuminate/Encryption/EncryptionServiceProvider.php:83)
[stacktrace]
#0 /workspaces/vortice-pulse-app/vendor/laravel/framework/src/Illuminate/Support/helpers.php(399): Illuminate\\Encryption\\EncryptionServiceProvider->Illuminate\\Encryption\\{closure}()
#1 /workspaces/vortice-pulse-app/vendor/laravel/framework/src/Illuminate/Encryption/EncryptionServiceProvider.php(81): tap()
#2 /workspaces/vortice-pulse-app/vendor/laravel/framework/src/Illuminate/Encryption/EncryptionServiceProvider.php(64): Illuminate\\Encryption\\EncryptionServiceProvider->key()
#3 /workspaces/vortice-pulse-app/vendor/laravel/framework/src/Illuminate/Encryption/EncryptionServiceProvider.php(32): Illuminate\\Encryption\\EncryptionServiceProvider->parseKey()
#4 /workspaces/vortice-pulse-app/vendor/laravel/framework/src/Illuminate/Container/Container.php(952): Illuminate\\Encryption\\EncryptionServiceProvider->Illuminate\\Encryption\\{closure}()
#5 /workspaces/vortice-pulse-app/vendor/laravel/framework/src/Illuminate/Container/Container.php(832): Illuminate\\Container\\Container->build()
#6 /workspaces/vortice-pulse-app/vendor/laravel/framework/src/Illuminate/Foundation/Application.php(1078): Illuminate\\Container\\Container->resolve()
#7 /workspaces/vortice-pulse-app/vendor/laravel/framework/src/Illuminate/Container/Container.php(763): Illuminate\\Foundation\\Application->resolve()
#8 /workspaces/vortice-pulse-app/vendor/laravel/framework/src/Illuminate/Foundation/Application.php(1058): Illuminate\\Container\\Container->make()
#9 /workspaces/vortice-pulse-app/vendor/laravel/framework/src/Illuminate/Container/Container.php(1133): Illuminate\\Foundation\\Application->make()
#10 /workspaces/vortice-pulse-app/vendor/laravel/framework/src/Illuminate/Container/Container.php(1043): Illuminate\\Container\\Container->resolveClass()
#11 /workspaces/vortice-pulse-app/vendor/laravel/framework/src/Illuminate/Container/Container.php(994): Illuminate\\Container\\Container->resolveDependencies()
#12 /workspaces/vortice-pulse-app/vendor/laravel/framework/src/Illuminate/Container/Container.php(832): Illuminate\\Container\\Container->build()
#13 /workspaces/vortice-pulse-app/vendor/laravel/framework/src/Illuminate/Foundation/Application.php(1078): Illuminate\\Container\\Container->resolve()
#14 /workspaces/vortice-pulse-app/vendor/laravel/framework/src/Illuminate/Container/Container.php(763): Illuminate\\Foundation\\Application->resolve()
#15 /workspaces/vortice-pulse-app/vendor/laravel/framework/src/Illuminate/Foundation/Application.php(1058): Illuminate\\Container\\Container->make()
#16 /workspaces/vortice-pulse-app/vendor/laravel/framework/src/Illuminate/Foundation/Http/Kernel.php(258): Illuminate\\Foundation\\Application->make()
#17 /workspaces/vortice-pulse-app/vendor/laravel/framework/src/Illuminate/Foundation/Http/Kernel.php(216): Illuminate\\Foundation\\Http\\Kernel->terminateMiddleware()
#18 /workspaces/vortice-pulse-app/vendor/laravel/framework/src/Illuminate/Foundation/Application.php(1222): Illuminate\\Foundation\\Http\\Kernel->terminate()
#19 /workspaces/vortice-pulse-app/public/index.php(17): Illuminate\\Foundation\\Application->handleRequest()
#20 /workspaces/vortice-pulse-app/vendor/laravel/framework/src/Illuminate/Foundation/resources/server.php(23): require_once('...')
#21 {main}
"} 
[2026-07-17 23:38:31] production.ERROR: Please provide a valid cache path. {"exception":"[object] (InvalidArgumentException(code: 0): Please provide a valid cache path. at /workspaces/vortice-pulse-app/vendor/laravel/framework/src/Illuminate/View/Compilers/Compiler.php:67)
[stacktrace]
#0 /workspaces/vortice-pulse-app/vendor/laravel/framework/src/Illuminate/View/ViewServiceProvider.php(97): Illuminate\\View\\Compilers\\Compiler->__construct()
#1 /workspaces/vortice-pulse-app/vendor/laravel/framework/src/Illuminate/Container/Container.php(952): Illuminate\\View\\ViewServiceProvider->Illuminate\\View\\{closure}()
#2 /workspaces/vortice-pulse-app/vendor/laravel/framework/src/Illuminate/Container/Container.php(832): Illuminate\\Container\\Container->build()
#3 /workspaces/vortice-pulse-app/vendor/laravel/framework/src/Illuminate/Foundation/Application.php(1078): Illuminate\\Container\\Container->resolve()
#4 /workspaces/vortice-pulse-app/vendor/laravel/framework/src/Illuminate/Container/Container.php(763): Illuminate\\Foundation\\Application->resolve()
#5 /workspaces/vortice-pulse-app/vendor/laravel/framework/src/Illuminate/Foundation/Application.php(1058): Illuminate\\Container\\Container->make()
#6 /workspaces/vortice-pulse-app/vendor/laravel/framework/src/Illuminate/View/ViewServiceProvider.php(168): Illuminate\\Foundation\\Application->make()
#7 [internal function]: Illuminate\\View\\ViewServiceProvider->Illuminate\\View\\{closure}()
#8 /workspaces/vortice-pulse-app/vendor/laravel/framework/src/Illuminate/View/Engines/EngineResolver.php(55): call_user_func()
#9 /workspaces/vortice-pulse-app/vendor/laravel/framework/src/Illuminate/View/Factory.php(319): Illuminate\\View\\Engines\\EngineResolver->resolve()
#10 /workspaces/vortice-pulse-app/vendor/laravel/framework/src/Illuminate/View/Factory.php(288): Illuminate\\View\\Factory->getEngineFromPath()
#11 /workspaces/vortice-pulse-app/vendor/laravel/framework/src/Illuminate/View/Factory.php(160): Illuminate\\View\\Factory->viewInstance()
#12 /workspaces/vortice-pulse-app/vendor/laravel/framework/src/Illuminate/Routing/ResponseFactory.php(90): Illuminate\\View\\Factory->make()
#13 /workspaces/vortice-pulse-app/vendor/laravel/framework/src/Illuminate/Foundation/Exceptions/Handler.php(894): Illuminate\\Routing\\ResponseFactory->view()
#14 /workspaces/vortice-pulse-app/vendor/laravel/framework/src/Illuminate/Foundation/Exceptions/Handler.php(815): Illuminate\\Foundation\\Exceptions\\Handler->renderHttpException()
#15 /workspaces/vortice-pulse-app/vendor/laravel/framework/src/Illuminate/Foundation/Exceptions/Handler.php(706): Illuminate\\Foundation\\Exceptions\\Handler->prepareResponse()
#16 /workspaces/vortice-pulse-app/vendor/laravel/framework/src/Illuminate/Foundation/Exceptions/Handler.php(594): Illuminate\\Foundation\\Exceptions\\Handler->renderExceptionResponse()
#17 /workspaces/vortice-pulse-app/vendor/laravel/framework/src/Illuminate/Foundation/Bootstrap/HandleExceptions.php(221): Illuminate\\Foundation\\Exceptions\\Handler->render()
#18 /workspaces/vortice-pulse-app/vendor/laravel/framework/src/Illuminate/Foundation/Bootstrap/HandleExceptions.php(198): Illuminate\\Foundation\\Bootstrap\\HandleExceptions->renderHttpResponse()
#19 /workspaces/vortice-pulse-app/vendor/laravel/framework/src/Illuminate/Foundation/Bootstrap/HandleExceptions.php(258): Illuminate\\Foundation\\Bootstrap\\HandleExceptions->handleException()
#20 [internal function]: Illuminate\\Foundation\\Bootstrap\\HandleExceptions->Illuminate\\Foundation\\Bootstrap\\{closure}()
#21 {main}
"} 
[2026-07-17 23:38:31] production.ERROR: No application encryption key has been specified. {"exception":"[object] (Illuminate\\Encryption\\MissingAppKeyException(code: 0): No application encryption key has been specified. at /workspaces/vortice-pulse-app/vendor/laravel/framework/src/Illuminate/Encryption/EncryptionServiceProvider.php:83)
[stacktrace]
#0 /workspaces/vortice-pulse-app/vendor/laravel/framework/src/Illuminate/Support/helpers.php(399): Illuminate\\Encryption\\EncryptionServiceProvider->Illuminate\\Encryption\\{closure}()
#1 /workspaces/vortice-pulse-app/vendor/laravel/framework/src/Illuminate/Encryption/EncryptionServiceProvider.php(81): tap()
#2 /workspaces/vortice-pulse-app/vendor/laravel/framework/src/Illuminate/Encryption/EncryptionServiceProvider.php(64): Illuminate\\Encryption\\EncryptionServiceProvider->key()
#3 /workspaces/vortice-pulse-app/vendor/laravel/framework/src/Illuminate/Encryption/EncryptionServiceProvider.php(32): Illuminate\\Encryption\\EncryptionServiceProvider->parseKey()
#4 /workspaces/vortice-pulse-app/vendor/laravel/framework/src/Illuminate/Container/Container.php(952): Illuminate\\Encryption\\EncryptionServiceProvider->Illuminate\\Encryption\\{closure}()
#5 /workspaces/vortice-pulse-app/vendor/laravel/framework/src/Illuminate/Container/Container.php(832): Illuminate\\Container\\Container->build()
#6 /workspaces/vortice-pulse-app/vendor/laravel/framework/src/Illuminate/Foundation/Application.php(1078): Illuminate\\Container\\Container->resolve()
#7 /workspaces/vortice-pulse-app/vendor/laravel/framework/src/Illuminate/Container/Container.php(763): Illuminate\\Foundation\\Application->resolve()
#8 /workspaces/vortice-pulse-app/vendor/laravel/framework/src/Illuminate/Foundation/Application.php(1058): Illuminate\\Container\\Container->make()
#9 /workspaces/vortice-pulse-app/vendor/laravel/framework/src/Illuminate/Container/Container.php(1133): Illuminate\\Foundation\\Application->make()
#10 /workspaces/vortice-pulse-app/vendor/laravel/framework/src/Illuminate/Container/Container.php(1043): Illuminate\\Container\\Container->resolveClass()
#11 /workspaces/vortice-pulse-app/vendor/laravel/framework/src/Illuminate/Container/Container.php(994): Illuminate\\Container\\Container->resolveDependencies()
#12 /workspaces/vortice-pulse-app/vendor/laravel/framework/src/Illuminate/Container/Container.php(832): Illuminate\\Container\\Container->build()
#13 /workspaces/vortice-pulse-app/vendor/laravel/framework/src/Illuminate/Foundation/Application.php(1078): Illuminate\\Container\\Container->resolve()
#14 /workspaces/vortice-pulse-app/vendor/laravel/framework/src/Illuminate/Container/Container.php(763): Illuminate\\Foundation\\Application->resolve()
#15 /workspaces/vortice-pulse-app/vendor/laravel/framework/src/Illuminate/Foundation/Application.php(1058): Illuminate\\Container\\Container->make()
#16 /workspaces/vortice-pulse-app/vendor/laravel/framework/src/Illuminate/Pipeline/Pipeline.php(198): Illuminate\\Foundation\\Application->make()
#17 /workspaces/vortice-pulse-app/vendor/laravel/framework/src/Illuminate/Pipeline/Pipeline.php(127): Illuminate\\Pipeline\\Pipeline->Illuminate\\Pipeline\\{closure}()
#18 /workspaces/vortice-pulse-app/vendor/laravel/framework/src/Illuminate/Routing/Router.php(807): Illuminate\\Pipeline\\Pipeline->then()
#19 /workspaces/vortice-pulse-app/vendor/laravel/framework/src/Illuminate/Routing/Router.php(786): Illuminate\\Routing\\Router->runRouteWithinStack()
#20 /workspaces/vortice-pulse-app/vendor/laravel/framework/src/Illuminate/Routing/Router.php(750): Illuminate\\Routing\\Router->runRoute()
#21 /workspaces/vortice-pulse-app/vendor/laravel/framework/src/Illuminate/Routing/Router.php(739): Illuminate\\Routing\\Router->dispatchToRoute()
#22 /workspaces/vortice-pulse-app/vendor/laravel/framework/src/Illuminate/Foundation/Http/Kernel.php(201): Illuminate\\Routing\\Router->dispatch()
#23 /workspaces/vortice-pulse-app/vendor/laravel/framework/src/Illuminate/Pipeline/Pipeline.php(170): Illuminate\\Foundation\\Http\\Kernel->Illuminate\\Foundation\\Http\\{closure}()
#24 /workspaces/vortice-pulse-app/vendor/laravel/framework/src/Illuminate/Foundation/Http/Middleware/TransformsRequest.php(21): Illuminate\\Pipeline\\Pipeline->Illuminate\\Pipeline\\{closure}()
#25 /workspaces/vortice-pulse-app/vendor/laravel/framework/src/Illuminate/Foundation/Http/Middleware/ConvertEmptyStringsToNull.php(31): Illuminate\\Foundation\\Http\\Middleware\\TransformsRequest->handle()
#26 /workspaces/vortice-pulse-app/vendor/laravel/framework/src/Illuminate/Pipeline/Pipeline.php(209): Illuminate\\Foundation\\Http\\Middleware\\ConvertEmptyStringsToNull->handle()
#27 /workspaces/vortice-pulse-app/vendor/laravel/framework/src/Illuminate/Foundation/Http/Middleware/TransformsRequest.php(21): Illuminate\\Pipeline\\Pipeline->Illuminate\\Pipeline\\{closure}()
#28 /workspaces/vortice-pulse-app/vendor/laravel/framework/src/Illuminate/Foundation/Http/Middleware/TrimStrings.php(51): Illuminate\\Foundation\\Http\\Middleware\\TransformsRequest->handle()
#29 /workspaces/vortice-pulse-app/vendor/laravel/framework/src/Illuminate/Pipeline/Pipeline.php(209): Illuminate\\Foundation\\Http\\Middleware\\TrimStrings->handle()
#30 /workspaces/vortice-pulse-app/vendor/laravel/framework/src/Illuminate/Http/Middleware/ValidatePostSize.php(27): Illuminate\\Pipeline\\Pipeline->Illuminate\\Pipeline\\{closure}()
#31 /workspaces/vortice-pulse-app/vendor/laravel/framework/src/Illuminate/Pipeline/Pipeline.php(209): Illuminate\\Http\\Middleware\\ValidatePostSize->handle()
#32 /workspaces/vortice-pulse-app/vendor/laravel/framework/src/Illuminate/Foundation/Http/Middleware/PreventRequestsDuringMaintenance.php(110): Illuminate\\Pipeline\\Pipeline->Illuminate\\Pipeline\\{closure}()
#33 /workspaces/vortice-pulse-app/vendor/laravel/framework/src/Illuminate/Pipeline/Pipeline.php(209): Illuminate\\Foundation\\Http\\Middleware\\PreventRequestsDuringMaintenance->handle()
#34 /workspaces/vortice-pulse-app/vendor/laravel/framework/src/Illuminate/Http/Middleware/HandleCors.php(49): Illuminate\\Pipeline\\Pipeline->Illuminate\\Pipeline\\{closure}()
#35 /workspaces/vortice-pulse-app/vendor/laravel/framework/src/Illuminate/Pipeline/Pipeline.php(209): Illuminate\\Http\\Middleware\\HandleCors->handle()
#36 /workspaces/vortice-pulse-app/vendor/laravel/framework/src/Illuminate/Http/Middleware/TrustProxies.php(58): Illuminate\\Pipeline\\Pipeline->Illuminate\\Pipeline\\{closure}()
#37 /workspaces/vortice-pulse-app/vendor/laravel/framework/src/Illuminate/Pipeline/Pipeline.php(209): Illuminate\\Http\\Middleware\\TrustProxies->handle()
#38 /workspaces/vortice-pulse-app/vendor/laravel/framework/src/Illuminate/Foundation/Http/Middleware/InvokeDeferredCallbacks.php(22): Illuminate\\Pipeline\\Pipeline->Illuminate\\Pipeline\\{closure}()
#39 /workspaces/vortice-pulse-app/vendor/laravel/framework/src/Illuminate/Pipeline/Pipeline.php(209): Illuminate\\Foundation\\Http\\Middleware\\InvokeDeferredCallbacks->handle()
#40 /workspaces/vortice-pulse-app/vendor/laravel/framework/src/Illuminate/Pipeline/Pipeline.php(127): Illuminate\\Pipeline\\Pipeline->Illuminate\\Pipeline\\{closure}()
#41 /workspaces/vortice-pulse-app/vendor/laravel/framework/src/Illuminate/Foundation/Http/Kernel.php(176): Illuminate\\Pipeline\\Pipeline->then()
#42 /workspaces/vortice-pulse-app/vendor/laravel/framework/src/Illuminate/Foundation/Http/Kernel.php(145): Illuminate\\Foundation\\Http\\Kernel->sendRequestThroughRouter()
#43 /workspaces/vortice-pulse-app/vendor/laravel/framework/src/Illuminate/Foundation/Application.php(1220): Illuminate\\Foundation\\Http\\Kernel->handle()
#44 /workspaces/vortice-pulse-app/public/index.php(17): Illuminate\\Foundation\\Application->handleRequest()
#45 /workspaces/vortice-pulse-app/vendor/laravel/framework/src/Illuminate/Foundation/resources/server.php(23): require_once('...')
#46 {main}
"} 
[2026-07-17 23:38:31] production.ERROR: Please provide a valid cache path. {"exception":"[object] (InvalidArgumentException(code: 0): Please provide a valid cache path. at /workspaces/vortice-pulse-app/vendor/laravel/framework/src/Illuminate/View/Compilers/Compiler.php:67)
[stacktrace]
#0 /workspaces/vortice-pulse-app/vendor/laravel/framework/src/Illuminate/View/ViewServiceProvider.php(97): Illuminate\\View\\Compilers\\Compiler->__construct()
#1 /workspaces/vortice-pulse-app/vendor/laravel/framework/src/Illuminate/Container/Container.php(952): Illuminate\\View\\ViewServiceProvider->Illuminate\\View\\{closure}()
#2 /workspaces/vortice-pulse-app/vendor/laravel/framework/src/Illuminate/Container/Container.php(832): Illuminate\\Container\\Container->build()
#3 /workspaces/vortice-pulse-app/vendor/laravel/framework/src/Illuminate/Foundation/Application.php(1078): Illuminate\\Container\\Container->resolve()
#4 /workspaces/vortice-pulse-app/vendor/laravel/framework/src/Illuminate/Container/Container.php(763): Illuminate\\Foundation\\Application->resolve()
#5 /workspaces/vortice-pulse-app/vendor/laravel/framework/src/Illuminate/Foundation/Application.php(1058): Illuminate\\Container\\Container->make()
#6 /workspaces/vortice-pulse-app/vendor/laravel/framework/src/Illuminate/View/ViewServiceProvider.php(168): Illuminate\\Foundation\\Application->make()
#7 [internal function]: Illuminate\\View\\ViewServiceProvider->Illuminate\\View\\{closure}()
#8 /workspaces/vortice-pulse-app/vendor/laravel/framework/src/Illuminate/View/Engines/EngineResolver.php(55): call_user_func()
#9 /workspaces/vortice-pulse-app/vendor/laravel/framework/src/Illuminate/View/Factory.php(326): Illuminate\\View\\Engines\\EngineResolver->resolve()
#10 /workspaces/vortice-pulse-app/vendor/laravel/framework/src/Illuminate/View/Factory.php(288): Illuminate\\View\\Factory->getEngineFromPath()
#11 /workspaces/vortice-pulse-app/vendor/laravel/framework/src/Illuminate/View/Factory.php(160): Illuminate\\View\\Factory->viewInstance()
#12 /workspaces/vortice-pulse-app/vendor/laravel/framework/src/Illuminate/Routing/ResponseFactory.php(90): Illuminate\\View\\Factory->make()
#13 /workspaces/vortice-pulse-app/vendor/laravel/framework/src/Illuminate/Foundation/Exceptions/Handler.php(894): Illuminate\\Routing\\ResponseFactory->view()
#14 /workspaces/vortice-pulse-app/vendor/laravel/framework/src/Illuminate/Foundation/Exceptions/Handler.php(815): Illuminate\\Foundation\\Exceptions\\Handler->renderHttpException()
#15 /workspaces/vortice-pulse-app/vendor/laravel/framework/src/Illuminate/Foundation/Exceptions/Handler.php(706): Illuminate\\Foundation\\Exceptions\\Handler->prepareResponse()
#16 /workspaces/vortice-pulse-app/vendor/laravel/framework/src/Illuminate/Foundation/Exceptions/Handler.php(594): Illuminate\\Foundation\\Exceptions\\Handler->renderExceptionResponse()
#17 /workspaces/vortice-pulse-app/vendor/laravel/framework/src/Illuminate/Routing/Pipeline.php(51): Illuminate\\Foundation\\Exceptions\\Handler->render()
#18 /workspaces/vortice-pulse-app/vendor/laravel/framework/src/Illuminate/Pipeline/Pipeline.php(214): Illuminate\\Routing\\Pipeline->handleException()
#19 /workspaces/vortice-pulse-app/vendor/laravel/framework/src/Illuminate/Pipeline/Pipeline.php(127): Illuminate\\Pipeline\\Pipeline->Illuminate\\Pipeline\\{closure}()
#20 /workspaces/vortice-pulse-app/vendor/laravel/framework/src/Illuminate/Routing/Router.php(807): Illuminate\\Pipeline\\Pipeline->then()
#21 /workspaces/vortice-pulse-app/vendor/laravel/framework/src/Illuminate/Routing/Router.php(786): Illuminate\\Routing\\Router->runRouteWithinStack()
#22 /workspaces/vortice-pulse-app/vendor/laravel/framework/src/Illuminate/Routing/Router.php(750): Illuminate\\Routing\\Router->runRoute()
#23 /workspaces/vortice-pulse-app/vendor/laravel/framework/src/Illuminate/Routing/Router.php(739): Illuminate\\Routing\\Router->dispatchToRoute()
#24 /workspaces/vortice-pulse-app/vendor/laravel/framework/src/Illuminate/Foundation/Http/Kernel.php(201): Illuminate\\Routing\\Router->dispatch()
#25 /workspaces/vortice-pulse-app/vendor/laravel/framework/src/Illuminate/Pipeline/Pipeline.php(170): Illuminate\\Foundation\\Http\\Kernel->Illuminate\\Foundation\\Http\\{closure}()
#26 /workspaces/vortice-pulse-app/vendor/laravel/framework/src/Illuminate/Foundation/Http/Middleware/TransformsRequest.php(21): Illuminate\\Pipeline\\Pipeline->Illuminate\\Pipeline\\{closure}()
#27 /workspaces/vortice-pulse-app/vendor/laravel/framework/src/Illuminate/Foundation/Http/Middleware/ConvertEmptyStringsToNull.php(31): Illuminate\\Foundation\\Http\\Middleware\\TransformsRequest->handle()
#28 /workspaces/vortice-pulse-app/vendor/laravel/framework/src/Illuminate/Pipeline/Pipeline.php(209): Illuminate\\Foundation\\Http\\Middleware\\ConvertEmptyStringsToNull->handle()
#29 /workspaces/vortice-pulse-app/vendor/laravel/framework/src/Illuminate/Foundation/Http/Middleware/TransformsRequest.php(21): Illuminate\\Pipeline\\Pipeline->Illuminate\\Pipeline\\{closure}()
#30 /workspaces/vortice-pulse-app/vendor/laravel/framework/src/Illuminate/Foundation/Http/Middleware/TrimStrings.php(51): Illuminate\\Foundation\\Http\\Middleware\\TransformsRequest->handle()
#31 /workspaces/vortice-pulse-app/vendor/laravel/framework/src/Illuminate/Pipeline/Pipeline.php(209): Illuminate\\Foundation\\Http\\Middleware\\TrimStrings->handle()
#32 /workspaces/vortice-pulse-app/vendor/laravel/framework/src/Illuminate/Http/Middleware/ValidatePostSize.php(27): Illuminate\\Pipeline\\Pipeline->Illuminate\\Pipeline\\{closure}()
#33 /workspaces/vortice-pulse-app/vendor/laravel/framework/src/Illuminate/Pipeline/Pipeline.php(209): Illuminate\\Http\\Middleware\\ValidatePostSize->handle()
#34 /workspaces/vortice-pulse-app/vendor/laravel/framework/src/Illuminate/Foundation/Http/Middleware/PreventRequestsDuringMaintenance.php(110): Illuminate\\Pipeline\\Pipeline->Illuminate\\Pipeline\\{closure}()
#35 /workspaces/vortice-pulse-app/vendor/laravel/framework/src/Illuminate/Pipeline/Pipeline.php(209): Illuminate\\Foundation\\Http\\Middleware\\PreventRequestsDuringMaintenance->handle()
#36 /workspaces/vortice-pulse-app/vendor/laravel/framework/src/Illuminate/Http/Middleware/HandleCors.php(49): Illuminate\\Pipeline\\Pipeline->Illuminate\\Pipeline\\{closure}()
#37 /workspaces/vortice-pulse-app/vendor/laravel/framework/src/Illuminate/Pipeline/Pipeline.php(209): Illuminate\\Http\\Middleware\\HandleCors->handle()
#38 /workspaces/vortice-pulse-app/vendor/laravel/framework/src/Illuminate/Http/Middleware/TrustProxies.php(58): Illuminate\\Pipeline\\Pipeline->Illuminate\\Pipeline\\{closure}()
#39 /workspaces/vortice-pulse-app/vendor/laravel/framework/src/Illuminate/Pipeline/Pipeline.php(209): Illuminate\\Http\\Middleware\\TrustProxies->handle()
#40 /workspaces/vortice-pulse-app/vendor/laravel/framework/src/Illuminate/Foundation/Http/Middleware/InvokeDeferredCallbacks.php(22): Illuminate\\Pipeline\\Pipeline->Illuminate\\Pipeline\\{closure}()
#41 /workspaces/vortice-pulse-app/vendor/laravel/framework/src/Illuminate/Pipeline/Pipeline.php(209): Illuminate\\Foundation\\Http\\Middleware\\InvokeDeferredCallbacks->handle()
#42 /workspaces/vortice-pulse-app/vendor/laravel/framework/src/Illuminate/Pipeline/Pipeline.php(127): Illuminate\\Pipeline\\Pipeline->Illuminate\\Pipeline\\{closure}()
#43 /workspaces/vortice-pulse-app/vendor/laravel/framework/src/Illuminate/Foundation/Http/Kernel.php(176): Illuminate\\Pipeline\\Pipeline->then()
#44 /workspaces/vortice-pulse-app/vendor/laravel/framework/src/Illuminate/Foundation/Http/Kernel.php(145): Illuminate\\Foundation\\Http\\Kernel->sendRequestThroughRouter()
#45 /workspaces/vortice-pulse-app/vendor/laravel/framework/src/Illuminate/Foundation/Application.php(1220): Illuminate\\Foundation\\Http\\Kernel->handle()
#46 /workspaces/vortice-pulse-app/public/index.php(17): Illuminate\\Foundation\\Application->handleRequest()
#47 /workspaces/vortice-pulse-app/vendor/laravel/framework/src/Illuminate/Foundation/resources/server.php(23): require_once('...')
#48 {main}
"} 
[2026-07-17 23:38:31] production.ERROR: No application encryption key has been specified. {"exception":"[object] (Illuminate\\Encryption\\MissingAppKeyException(code: 0): No application encryption key has been specified. at /workspaces/vortice-pulse-app/vendor/laravel/framework/src/Illuminate/Encryption/EncryptionServiceProvider.php:83)
[stacktrace]
#0 /workspaces/vortice-pulse-app/vendor/laravel/framework/src/Illuminate/Support/helpers.php(399): Illuminate\\Encryption\\EncryptionServiceProvider->Illuminate\\Encryption\\{closure}()
#1 /workspaces/vortice-pulse-app/vendor/laravel/framework/src/Illuminate/Encryption/EncryptionServiceProvider.php(81): tap()
#2 /workspaces/vortice-pulse-app/vendor/laravel/framework/src/Illuminate/Encryption/EncryptionServiceProvider.php(64): Illuminate\\Encryption\\EncryptionServiceProvider->key()
#3 /workspaces/vortice-pulse-app/vendor/laravel/framework/src/Illuminate/Encryption/EncryptionServiceProvider.php(32): Illuminate\\Encryption\\EncryptionServiceProvider->parseKey()
#4 /workspaces/vortice-pulse-app/vendor/laravel/framework/src/Illuminate/Container/Container.php(952): Illuminate\\Encryption\\EncryptionServiceProvider->Illuminate\\Encryption\\{closure}()
#5 /workspaces/vortice-pulse-app/vendor/laravel/framework/src/Illuminate/Container/Container.php(832): Illuminate\\Container\\Container->build()
#6 /workspaces/vortice-pulse-app/vendor/laravel/framework/src/Illuminate/Foundation/Application.php(1078): Illuminate\\Container\\Container->resolve()
#7 /workspaces/vortice-pulse-app/vendor/laravel/framework/src/Illuminate/Container/Container.php(763): Illuminate\\Foundation\\Application->resolve()
#8 /workspaces/vortice-pulse-app/vendor/laravel/framework/src/Illuminate/Foundation/Application.php(1058): Illuminate\\Container\\Container->make()
#9 /workspaces/vortice-pulse-app/vendor/laravel/framework/src/Illuminate/Container/Container.php(1133): Illuminate\\Foundation\\Application->make()
#10 /workspaces/vortice-pulse-app/vendor/laravel/framework/src/Illuminate/Container/Container.php(1043): Illuminate\\Container\\Container->resolveClass()
#11 /workspaces/vortice-pulse-app/vendor/laravel/framework/src/Illuminate/Container/Container.php(994): Illuminate\\Container\\Container->resolveDependencies()
#12 /workspaces/vortice-pulse-app/vendor/laravel/framework/src/Illuminate/Container/Container.php(832): Illuminate\\Container\\Container->build()
#13 /workspaces/vortice-pulse-app/vendor/laravel/framework/src/Illuminate/Foundation/Application.php(1078): Illuminate\\Container\\Container->resolve()
#14 /workspaces/vortice-pulse-app/vendor/laravel/framework/src/Illuminate/Container/Container.php(763): Illuminate\\Foundation\\Application->resolve()
#15 /workspaces/vortice-pulse-app/vendor/laravel/framework/src/Illuminate/Foundation/Application.php(1058): Illuminate\\Container\\Container->make()
#16 /workspaces/vortice-pulse-app/vendor/laravel/framework/src/Illuminate/Foundation/Http/Kernel.php(258): Illuminate\\Foundation\\Application->make()
#17 /workspaces/vortice-pulse-app/vendor/laravel/framework/src/Illuminate/Foundation/Http/Kernel.php(216): Illuminate\\Foundation\\Http\\Kernel->terminateMiddleware()
#18 /workspaces/vortice-pulse-app/vendor/laravel/framework/src/Illuminate/Foundation/Application.php(1222): Illuminate\\Foundation\\Http\\Kernel->terminate()
#19 /workspaces/vortice-pulse-app/public/index.php(17): Illuminate\\Foundation\\Application->handleRequest()
#20 /workspaces/vortice-pulse-app/vendor/laravel/framework/src/Illuminate/Foundation/resources/server.php(23): require_once('...')
#21 {main}
"} 
[2026-07-17 23:38:31] production.ERROR: Please provide a valid cache path. {"exception":"[object] (InvalidArgumentException(code: 0): Please provide a valid cache path. at /workspaces/vortice-pulse-app/vendor/laravel/framework/src/Illuminate/View/Compilers/Compiler.php:67)
[stacktrace]
#0 /workspaces/vortice-pulse-app/vendor/laravel/framework/src/Illuminate/View/ViewServiceProvider.php(97): Illuminate\\View\\Compilers\\Compiler->__construct()
#1 /workspaces/vortice-pulse-app/vendor/laravel/framework/src/Illuminate/Container/Container.php(952): Illuminate\\View\\ViewServiceProvider->Illuminate\\View\\{closure}()
#2 /workspaces/vortice-pulse-app/vendor/laravel/framework/src/Illuminate/Container/Container.php(832): Illuminate\\Container\\Container->build()
#3 /workspaces/vortice-pulse-app/vendor/laravel/framework/src/Illuminate/Foundation/Application.php(1078): Illuminate\\Container\\Container->resolve()
#4 /workspaces/vortice-pulse-app/vendor/laravel/framework/src/Illuminate/Container/Container.php(763): Illuminate\\Foundation\\Application->resolve()
#5 /workspaces/vortice-pulse-app/vendor/laravel/framework/src/Illuminate/Foundation/Application.php(1058): Illuminate\\Container\\Container->make()
#6 /workspaces/vortice-pulse-app/vendor/laravel/framework/src/Illuminate/View/ViewServiceProvider.php(168): Illuminate\\Foundation\\Application->make()
#7 [internal function]: Illuminate\\View\\ViewServiceProvider->Illuminate\\View\\{closure}()
#8 /workspaces/vortice-pulse-app/vendor/laravel/framework/src/Illuminate/View/Engines/EngineResolver.php(55): call_user_func()
#9 /workspaces/vortice-pulse-app/vendor/laravel/framework/src/Illuminate/View/Factory.php(319): Illuminate\\View\\Engines\\EngineResolver->resolve()
#10 /workspaces/vortice-pulse-app/vendor/laravel/framework/src/Illuminate/View/Factory.php(288): Illuminate\\View\\Factory->getEngineFromPath()
#11 /workspaces/vortice-pulse-app/vendor/laravel/framework/src/Illuminate/View/Factory.php(160): Illuminate\\View\\Factory->viewInstance()
#12 /workspaces/vortice-pulse-app/vendor/laravel/framework/src/Illuminate/Routing/ResponseFactory.php(90): Illuminate\\View\\Factory->make()
#13 /workspaces/vortice-pulse-app/vendor/laravel/framework/src/Illuminate/Foundation/Exceptions/Handler.php(894): Illuminate\\Routing\\ResponseFactory->view()
#14 /workspaces/vortice-pulse-app/vendor/laravel/framework/src/Illuminate/Foundation/Exceptions/Handler.php(815): Illuminate\\Foundation\\Exceptions\\Handler->renderHttpException()
#15 /workspaces/vortice-pulse-app/vendor/laravel/framework/src/Illuminate/Foundation/Exceptions/Handler.php(706): Illuminate\\Foundation\\Exceptions\\Handler->prepareResponse()
#16 /workspaces/vortice-pulse-app/vendor/laravel/framework/src/Illuminate/Foundation/Exceptions/Handler.php(594): Illuminate\\Foundation\\Exceptions\\Handler->renderExceptionResponse()
#17 /workspaces/vortice-pulse-app/vendor/laravel/framework/src/Illuminate/Foundation/Bootstrap/HandleExceptions.php(221): Illuminate\\Foundation\\Exceptions\\Handler->render()
#18 /workspaces/vortice-pulse-app/vendor/laravel/framework/src/Illuminate/Foundation/Bootstrap/HandleExceptions.php(198): Illuminate\\Foundation\\Bootstrap\\HandleExceptions->renderHttpResponse()
#19 /workspaces/vortice-pulse-app/vendor/laravel/framework/src/Illuminate/Foundation/Bootstrap/HandleExceptions.php(258): Illuminate\\Foundation\\Bootstrap\\HandleExceptions->handleException()
#20 [internal function]: Illuminate\\Foundation\\Bootstrap\\HandleExceptions->Illuminate\\Foundation\\Bootstrap\\{closure}()
#21 {main}
"} 
[2026-07-18 00:17:51] production.ERROR: The "--reverb" option does not exist. {"exception":"[object] (Symfony\\Component\\Console\\Exception\\RuntimeException(code: 0): The \"--reverb\" option does not exist. at /workspaces/vortice-pulse-app/vendor/symfony/console/Input/ArgvInput.php:226)
[stacktrace]
#0 /workspaces/vortice-pulse-app/vendor/symfony/console/Input/ArgvInput.php(155): Symfony\\Component\\Console\\Input\\ArgvInput->addLongOption()
#1 /workspaces/vortice-pulse-app/vendor/symfony/console/Input/ArgvInput.php(88): Symfony\\Component\\Console\\Input\\ArgvInput->parseLongOption()
#2 /workspaces/vortice-pulse-app/vendor/symfony/console/Input/ArgvInput.php(77): Symfony\\Component\\Console\\Input\\ArgvInput->parseToken()
#3 /workspaces/vortice-pulse-app/vendor/symfony/console/Input/Input.php(53): Symfony\\Component\\Console\\Input\\ArgvInput->parse()
#4 /workspaces/vortice-pulse-app/vendor/symfony/console/Command/Command.php(295): Symfony\\Component\\Console\\Input\\Input->bind()
#5 /workspaces/vortice-pulse-app/vendor/laravel/framework/src/Illuminate/Console/Command.php(182): Symfony\\Component\\Console\\Command\\Command->run()
#6 /workspaces/vortice-pulse-app/vendor/symfony/console/Application.php(1117): Illuminate\\Console\\Command->run()
#7 /workspaces/vortice-pulse-app/vendor/symfony/console/Application.php(356): Symfony\\Component\\Console\\Application->doRunCommand()
#8 /workspaces/vortice-pulse-app/vendor/symfony/console/Application.php(195): Symfony\\Component\\Console\\Application->doRun()
#9 /workspaces/vortice-pulse-app/vendor/laravel/framework/src/Illuminate/Foundation/Console/Kernel.php(198): Symfony\\Component\\Console\\Application->run()
#10 /workspaces/vortice-pulse-app/artisan(18): Illuminate\\Foundation\\Console\\Kernel->handle()
#11 {main}
"} 
[2026-07-18 00:27:01] production.ERROR: No application encryption key has been specified. {"exception":"[object] (Illuminate\\Encryption\\MissingAppKeyException(code: 0): No application encryption key has been specified. at /workspaces/vortice-pulse-app/vendor/laravel/framework/src/Illuminate/Encryption/EncryptionServiceProvider.php:83)
[stacktrace]
#0 /workspaces/vortice-pulse-app/vendor/laravel/framework/src/Illuminate/Support/helpers.php(399): Illuminate\\Encryption\\EncryptionServiceProvider->Illuminate\\Encryption\\{closure}()
#1 /workspaces/vortice-pulse-app/vendor/laravel/framework/src/Illuminate/Encryption/EncryptionServiceProvider.php(81): tap()
#2 /workspaces/vortice-pulse-app/vendor/laravel/framework/src/Illuminate/Encryption/EncryptionServiceProvider.php(64): Illuminate\\Encryption\\EncryptionServiceProvider->key()
#3 /workspaces/vortice-pulse-app/vendor/laravel/framework/src/Illuminate/Encryption/EncryptionServiceProvider.php(32): Illuminate\\Encryption\\EncryptionServiceProvider->parseKey()
#4 /workspaces/vortice-pulse-app/vendor/laravel/framework/src/Illuminate/Container/Container.php(952): Illuminate\\Encryption\\EncryptionServiceProvider->Illuminate\\Encryption\\{closure}()
#5 /workspaces/vortice-pulse-app/vendor/laravel/framework/src/Illuminate/Container/Container.php(832): Illuminate\\Container\\Container->build()
#6 /workspaces/vortice-pulse-app/vendor/laravel/framework/src/Illuminate/Foundation/Application.php(1078): Illuminate\\Container\\Container->resolve()
#7 /workspaces/vortice-pulse-app/vendor/laravel/framework/src/Illuminate/Container/Container.php(763): Illuminate\\Foundation\\Application->resolve()
#8 /workspaces/vortice-pulse-app/vendor/laravel/framework/src/Illuminate/Foundation/Application.php(1058): Illuminate\\Container\\Container->make()
#9 /workspaces/vortice-pulse-app/vendor/laravel/framework/src/Illuminate/Container/Container.php(1133): Illuminate\\Foundation\\Application->make()
#10 /workspaces/vortice-pulse-app/vendor/laravel/framework/src/Illuminate/Container/Container.php(1043): Illuminate\\Container\\Container->resolveClass()
#11 /workspaces/vortice-pulse-app/vendor/laravel/framework/src/Illuminate/Container/Container.php(994): Illuminate\\Container\\Container->resolveDependencies()
#12 /workspaces/vortice-pulse-app/vendor/laravel/framework/src/Illuminate/Container/Container.php(832): Illuminate\\Container\\Container->build()
#13 /workspaces/vortice-pulse-app/vendor/laravel/framework/src/Illuminate/Foundation/Application.php(1078): Illuminate\\Container\\Container->resolve()
#14 /workspaces/vortice-pulse-app/vendor/laravel/framework/src/Illuminate/Container/Container.php(763): Illuminate\\Foundation\\Application->resolve()
#15 /workspaces/vortice-pulse-app/vendor/laravel/framework/src/Illuminate/Foundation/Application.php(1058): Illuminate\\Container\\Container->make()
#16 /workspaces/vortice-pulse-app/vendor/laravel/framework/src/Illuminate/Pipeline/Pipeline.php(198): Illuminate\\Foundation\\Application->make()
#17 /workspaces/vortice-pulse-app/vendor/laravel/framework/src/Illuminate/Pipeline/Pipeline.php(127): Illuminate\\Pipeline\\Pipeline->Illuminate\\Pipeline\\{closure}()
#18 /workspaces/vortice-pulse-app/vendor/laravel/framework/src/Illuminate/Routing/Router.php(807): Illuminate\\Pipeline\\Pipeline->then()
#19 /workspaces/vortice-pulse-app/vendor/laravel/framework/src/Illuminate/Routing/Router.php(786): Illuminate\\Routing\\Router->runRouteWithinStack()
#20 /workspaces/vortice-pulse-app/vendor/laravel/framework/src/Illuminate/Routing/Router.php(750): Illuminate\\Routing\\Router->runRoute()
#21 /workspaces/vortice-pulse-app/vendor/laravel/framework/src/Illuminate/Routing/Router.php(739): Illuminate\\Routing\\Router->dispatchToRoute()
#22 /workspaces/vortice-pulse-app/vendor/laravel/framework/src/Illuminate/Foundation/Http/Kernel.php(201): Illuminate\\Routing\\Router->dispatch()
#23 /workspaces/vortice-pulse-app/vendor/laravel/framework/src/Illuminate/Pipeline/Pipeline.php(170): Illuminate\\Foundation\\Http\\Kernel->Illuminate\\Foundation\\Http\\{closure}()
#24 /workspaces/vortice-pulse-app/vendor/laravel/framework/src/Illuminate/Foundation/Http/Middleware/TransformsRequest.php(21): Illuminate\\Pipeline\\Pipeline->Illuminate\\Pipeline\\{closure}()
#25 /workspaces/vortice-pulse-app/vendor/laravel/framework/src/Illuminate/Foundation/Http/Middleware/ConvertEmptyStringsToNull.php(31): Illuminate\\Foundation\\Http\\Middleware\\TransformsRequest->handle()
#26 /workspaces/vortice-pulse-app/vendor/laravel/framework/src/Illuminate/Pipeline/Pipeline.php(209): Illuminate\\Foundation\\Http\\Middleware\\ConvertEmptyStringsToNull->handle()
#27 /workspaces/vortice-pulse-app/vendor/laravel/framework/src/Illuminate/Foundation/Http/Middleware/TransformsRequest.php(21): Illuminate\\Pipeline\\Pipeline->Illuminate\\Pipeline\\{closure}()
#28 /workspaces/vortice-pulse-app/vendor/laravel/framework/src/Illuminate/Foundation/Http/Middleware/TrimStrings.php(51): Illuminate\\Foundation\\Http\\Middleware\\TransformsRequest->handle()
#29 /workspaces/vortice-pulse-app/vendor/laravel/framework/src/Illuminate/Pipeline/Pipeline.php(209): Illuminate\\Foundation\\Http\\Middleware\\TrimStrings->handle()
#30 /workspaces/vortice-pulse-app/vendor/laravel/framework/src/Illuminate/Http/Middleware/ValidatePostSize.php(27): Illuminate\\Pipeline\\Pipeline->Illuminate\\Pipeline\\{closure}()
#31 /workspaces/vortice-pulse-app/vendor/laravel/framework/src/Illuminate/Pipeline/Pipeline.php(209): Illuminate\\Http\\Middleware\\ValidatePostSize->handle()
#32 /workspaces/vortice-pulse-app/vendor/laravel/framework/src/Illuminate/Foundation/Http/Middleware/PreventRequestsDuringMaintenance.php(110): Illuminate\\Pipeline\\Pipeline->Illuminate\\Pipeline\\{closure}()
#33 /workspaces/vortice-pulse-app/vendor/laravel/framework/src/Illuminate/Pipeline/Pipeline.php(209): Illuminate\\Foundation\\Http\\Middleware\\PreventRequestsDuringMaintenance->handle()
#34 /workspaces/vortice-pulse-app/vendor/laravel/framework/src/Illuminate/Http/Middleware/HandleCors.php(49): Illuminate\\Pipeline\\Pipeline->Illuminate\\Pipeline\\{closure}()
#35 /workspaces/vortice-pulse-app/vendor/laravel/framework/src/Illuminate/Pipeline/Pipeline.php(209): Illuminate\\Http\\Middleware\\HandleCors->handle()
#36 /workspaces/vortice-pulse-app/vendor/laravel/framework/src/Illuminate/Http/Middleware/TrustProxies.php(58): Illuminate\\Pipeline\\Pipeline->Illuminate\\Pipeline\\{closure}()
#37 /workspaces/vortice-pulse-app/vendor/laravel/framework/src/Illuminate/Pipeline/Pipeline.php(209): Illuminate\\Http\\Middleware\\TrustProxies->handle()
#38 /workspaces/vortice-pulse-app/vendor/laravel/framework/src/Illuminate/Foundation/Http/Middleware/InvokeDeferredCallbacks.php(22): Illuminate\\Pipeline\\Pipeline->Illuminate\\Pipeline\\{closure}()
#39 /workspaces/vortice-pulse-app/vendor/laravel/framework/src/Illuminate/Pipeline/Pipeline.php(209): Illuminate\\Foundation\\Http\\Middleware\\InvokeDeferredCallbacks->handle()
#40 /workspaces/vortice-pulse-app/vendor/laravel/framework/src/Illuminate/Pipeline/Pipeline.php(127): Illuminate\\Pipeline\\Pipeline->Illuminate\\Pipeline\\{closure}()
#41 /workspaces/vortice-pulse-app/vendor/laravel/framework/src/Illuminate/Foundation/Http/Kernel.php(176): Illuminate\\Pipeline\\Pipeline->then()
#42 /workspaces/vortice-pulse-app/vendor/laravel/framework/src/Illuminate/Foundation/Http/Kernel.php(145): Illuminate\\Foundation\\Http\\Kernel->sendRequestThroughRouter()
#43 /workspaces/vortice-pulse-app/vendor/laravel/framework/src/Illuminate/Foundation/Application.php(1220): Illuminate\\Foundation\\Http\\Kernel->handle()
#44 /workspaces/vortice-pulse-app/public/index.php(17): Illuminate\\Foundation\\Application->handleRequest()
#45 /workspaces/vortice-pulse-app/vendor/laravel/framework/src/Illuminate/Foundation/resources/server.php(23): require_once('...')
#46 {main}
"} 
[2026-07-18 00:27:01] production.ERROR: Please provide a valid cache path. {"exception":"[object] (InvalidArgumentException(code: 0): Please provide a valid cache path. at /workspaces/vortice-pulse-app/vendor/laravel/framework/src/Illuminate/View/Compilers/Compiler.php:67)
[stacktrace]
#0 /workspaces/vortice-pulse-app/vendor/laravel/framework/src/Illuminate/View/ViewServiceProvider.php(97): Illuminate\\View\\Compilers\\Compiler->__construct()
#1 /workspaces/vortice-pulse-app/vendor/laravel/framework/src/Illuminate/Container/Container.php(952): Illuminate\\View\\ViewServiceProvider->Illuminate\\View\\{closure}()
#2 /workspaces/vortice-pulse-app/vendor/laravel/framework/src/Illuminate/Container/Container.php(832): Illuminate\\Container\\Container->build()
#3 /workspaces/vortice-pulse-app/vendor/laravel/framework/src/Illuminate/Foundation/Application.php(1078): Illuminate\\Container\\Container->resolve()
#4 /workspaces/vortice-pulse-app/vendor/laravel/framework/src/Illuminate/Container/Container.php(763): Illuminate\\Foundation\\Application->resolve()
#5 /workspaces/vortice-pulse-app/vendor/laravel/framework/src/Illuminate/Foundation/Application.php(1058): Illuminate\\Container\\Container->make()
#6 /workspaces/vortice-pulse-app/vendor/laravel/framework/src/Illuminate/View/ViewServiceProvider.php(168): Illuminate\\Foundation\\Application->make()
#7 [internal function]: Illuminate\\View\\ViewServiceProvider->Illuminate\\View\\{closure}()
#8 /workspaces/vortice-pulse-app/vendor/laravel/framework/src/Illuminate/View/Engines/EngineResolver.php(55): call_user_func()
#9 /workspaces/vortice-pulse-app/vendor/laravel/framework/src/Illuminate/View/Factory.php(326): Illuminate\\View\\Engines\\EngineResolver->resolve()
#10 /workspaces/vortice-pulse-app/vendor/laravel/framework/src/Illuminate/View/Factory.php(288): Illuminate\\View\\Factory->getEngineFromPath()
#11 /workspaces/vortice-pulse-app/vendor/laravel/framework/src/Illuminate/View/Factory.php(160): Illuminate\\View\\Factory->viewInstance()
#12 /workspaces/vortice-pulse-app/vendor/laravel/framework/src/Illuminate/Routing/ResponseFactory.php(90): Illuminate\\View\\Factory->make()
#13 /workspaces/vortice-pulse-app/vendor/laravel/framework/src/Illuminate/Foundation/Exceptions/Handler.php(894): Illuminate\\Routing\\ResponseFactory->view()
#14 /workspaces/vortice-pulse-app/vendor/laravel/framework/src/Illuminate/Foundation/Exceptions/Handler.php(815): Illuminate\\Foundation\\Exceptions\\Handler->renderHttpException()
#15 /workspaces/vortice-pulse-app/vendor/laravel/framework/src/Illuminate/Foundation/Exceptions/Handler.php(706): Illuminate\\Foundation\\Exceptions\\Handler->prepareResponse()
#16 /workspaces/vortice-pulse-app/vendor/laravel/framework/src/Illuminate/Foundation/Exceptions/Handler.php(594): Illuminate\\Foundation\\Exceptions\\Handler->renderExceptionResponse()
#17 /workspaces/vortice-pulse-app/vendor/laravel/framework/src/Illuminate/Routing/Pipeline.php(51): Illuminate\\Foundation\\Exceptions\\Handler->render()
#18 /workspaces/vortice-pulse-app/vendor/laravel/framework/src/Illuminate/Pipeline/Pipeline.php(214): Illuminate\\Routing\\Pipeline->handleException()
#19 /workspaces/vortice-pulse-app/vendor/laravel/framework/src/Illuminate/Pipeline/Pipeline.php(127): Illuminate\\Pipeline\\Pipeline->Illuminate\\Pipeline\\{closure}()
#20 /workspaces/vortice-pulse-app/vendor/laravel/framework/src/Illuminate/Routing/Router.php(807): Illuminate\\Pipeline\\Pipeline->then()
#21 /workspaces/vortice-pulse-app/vendor/laravel/framework/src/Illuminate/Routing/Router.php(786): Illuminate\\Routing\\Router->runRouteWithinStack()
#22 /workspaces/vortice-pulse-app/vendor/laravel/framework/src/Illuminate/Routing/Router.php(750): Illuminate\\Routing\\Router->runRoute()
#23 /workspaces/vortice-pulse-app/vendor/laravel/framework/src/Illuminate/Routing/Router.php(739): Illuminate\\Routing\\Router->dispatchToRoute()
#24 /workspaces/vortice-pulse-app/vendor/laravel/framework/src/Illuminate/Foundation/Http/Kernel.php(201): Illuminate\\Routing\\Router->dispatch()
#25 /workspaces/vortice-pulse-app/vendor/laravel/framework/src/Illuminate/Pipeline/Pipeline.php(170): Illuminate\\Foundation\\Http\\Kernel->Illuminate\\Foundation\\Http\\{closure}()
#26 /workspaces/vortice-pulse-app/vendor/laravel/framework/src/Illuminate/Foundation/Http/Middleware/TransformsRequest.php(21): Illuminate\\Pipeline\\Pipeline->Illuminate\\Pipeline\\{closure}()
#27 /workspaces/vortice-pulse-app/vendor/laravel/framework/src/Illuminate/Foundation/Http/Middleware/ConvertEmptyStringsToNull.php(31): Illuminate\\Foundation\\Http\\Middleware\\TransformsRequest->handle()
#28 /workspaces/vortice-pulse-app/vendor/laravel/framework/src/Illuminate/Pipeline/Pipeline.php(209): Illuminate\\Foundation\\Http\\Middleware\\ConvertEmptyStringsToNull->handle()
#29 /workspaces/vortice-pulse-app/vendor/laravel/framework/src/Illuminate/Foundation/Http/Middleware/TransformsRequest.php(21): Illuminate\\Pipeline\\Pipeline->Illuminate\\Pipeline\\{closure}()
#30 /workspaces/vortice-pulse-app/vendor/laravel/framework/src/Illuminate/Foundation/Http/Middleware/TrimStrings.php(51): Illuminate\\Foundation\\Http\\Middleware\\TransformsRequest->handle()
#31 /workspaces/vortice-pulse-app/vendor/laravel/framework/src/Illuminate/Pipeline/Pipeline.php(209): Illuminate\\Foundation\\Http\\Middleware\\TrimStrings->handle()
#32 /workspaces/vortice-pulse-app/vendor/laravel/framework/src/Illuminate/Http/Middleware/ValidatePostSize.php(27): Illuminate\\Pipeline\\Pipeline->Illuminate\\Pipeline\\{closure}()
#33 /workspaces/vortice-pulse-app/vendor/laravel/framework/src/Illuminate/Pipeline/Pipeline.php(209): Illuminate\\Http\\Middleware\\ValidatePostSize->handle()
#34 /workspaces/vortice-pulse-app/vendor/laravel/framework/src/Illuminate/Foundation/Http/Middleware/PreventRequestsDuringMaintenance.php(110): Illuminate\\Pipeline\\Pipeline->Illuminate\\Pipeline\\{closure}()
#35 /workspaces/vortice-pulse-app/vendor/laravel/framework/src/Illuminate/Pipeline/Pipeline.php(209): Illuminate\\Foundation\\Http\\Middleware\\PreventRequestsDuringMaintenance->handle()
#36 /workspaces/vortice-pulse-app/vendor/laravel/framework/src/Illuminate/Http/Middleware/HandleCors.php(49): Illuminate\\Pipeline\\Pipeline->Illuminate\\Pipeline\\{closure}()
#37 /workspaces/vortice-pulse-app/vendor/laravel/framework/src/Illuminate/Pipeline/Pipeline.php(209): Illuminate\\Http\\Middleware\\HandleCors->handle()
#38 /workspaces/vortice-pulse-app/vendor/laravel/framework/src/Illuminate/Http/Middleware/TrustProxies.php(58): Illuminate\\Pipeline\\Pipeline->Illuminate\\Pipeline\\{closure}()
#39 /workspaces/vortice-pulse-app/vendor/laravel/framework/src/Illuminate/Pipeline/Pipeline.php(209): Illuminate\\Http\\Middleware\\TrustProxies->handle()
#40 /workspaces/vortice-pulse-app/vendor/laravel/framework/src/Illuminate/Foundation/Http/Middleware/InvokeDeferredCallbacks.php(22): Illuminate\\Pipeline\\Pipeline->Illuminate\\Pipeline\\{closure}()
#41 /workspaces/vortice-pulse-app/vendor/laravel/framework/src/Illuminate/Pipeline/Pipeline.php(209): Illuminate\\Foundation\\Http\\Middleware\\InvokeDeferredCallbacks->handle()
#42 /workspaces/vortice-pulse-app/vendor/laravel/framework/src/Illuminate/Pipeline/Pipeline.php(127): Illuminate\\Pipeline\\Pipeline->Illuminate\\Pipeline\\{closure}()
#43 /workspaces/vortice-pulse-app/vendor/laravel/framework/src/Illuminate/Foundation/Http/Kernel.php(176): Illuminate\\Pipeline\\Pipeline->then()
#44 /workspaces/vortice-pulse-app/vendor/laravel/framework/src/Illuminate/Foundation/Http/Kernel.php(145): Illuminate\\Foundation\\Http\\Kernel->sendRequestThroughRouter()
#45 /workspaces/vortice-pulse-app/vendor/laravel/framework/src/Illuminate/Foundation/Application.php(1220): Illuminate\\Foundation\\Http\\Kernel->handle()
#46 /workspaces/vortice-pulse-app/public/index.php(17): Illuminate\\Foundation\\Application->handleRequest()
#47 /workspaces/vortice-pulse-app/vendor/laravel/framework/src/Illuminate/Foundation/resources/server.php(23): require_once('...')
#48 {main}
"} 
[2026-07-18 00:27:01] production.ERROR: No application encryption key has been specified. {"exception":"[object] (Illuminate\\Encryption\\MissingAppKeyException(code: 0): No application encryption key has been specified. at /workspaces/vortice-pulse-app/vendor/laravel/framework/src/Illuminate/Encryption/EncryptionServiceProvider.php:83)
[stacktrace]
#0 /workspaces/vortice-pulse-app/vendor/laravel/framework/src/Illuminate/Support/helpers.php(399): Illuminate\\Encryption\\EncryptionServiceProvider->Illuminate\\Encryption\\{closure}()
#1 /workspaces/vortice-pulse-app/vendor/laravel/framework/src/Illuminate/Encryption/EncryptionServiceProvider.php(81): tap()
#2 /workspaces/vortice-pulse-app/vendor/laravel/framework/src/Illuminate/Encryption/EncryptionServiceProvider.php(64): Illuminate\\Encryption\\EncryptionServiceProvider->key()
#3 /workspaces/vortice-pulse-app/vendor/laravel/framework/src/Illuminate/Encryption/EncryptionServiceProvider.php(32): Illuminate\\Encryption\\EncryptionServiceProvider->parseKey()
#4 /workspaces/vortice-pulse-app/vendor/laravel/framework/src/Illuminate/Container/Container.php(952): Illuminate\\Encryption\\EncryptionServiceProvider->Illuminate\\Encryption\\{closure}()
#5 /workspaces/vortice-pulse-app/vendor/laravel/framework/src/Illuminate/Container/Container.php(832): Illuminate\\Container\\Container->build()
#6 /workspaces/vortice-pulse-app/vendor/laravel/framework/src/Illuminate/Foundation/Application.php(1078): Illuminate\\Container\\Container->resolve()
#7 /workspaces/vortice-pulse-app/vendor/laravel/framework/src/Illuminate/Container/Container.php(763): Illuminate\\Foundation\\Application->resolve()
#8 /workspaces/vortice-pulse-app/vendor/laravel/framework/src/Illuminate/Foundation/Application.php(1058): Illuminate\\Container\\Container->make()
#9 /workspaces/vortice-pulse-app/vendor/laravel/framework/src/Illuminate/Container/Container.php(1133): Illuminate\\Foundation\\Application->make()
#10 /workspaces/vortice-pulse-app/vendor/laravel/framework/src/Illuminate/Container/Container.php(1043): Illuminate\\Container\\Container->resolveClass()
#11 /workspaces/vortice-pulse-app/vendor/laravel/framework/src/Illuminate/Container/Container.php(994): Illuminate\\Container\\Container->resolveDependencies()
#12 /workspaces/vortice-pulse-app/vendor/laravel/framework/src/Illuminate/Container/Container.php(832): Illuminate\\Container\\Container->build()
#13 /workspaces/vortice-pulse-app/vendor/laravel/framework/src/Illuminate/Foundation/Application.php(1078): Illuminate\\Container\\Container->resolve()
#14 /workspaces/vortice-pulse-app/vendor/laravel/framework/src/Illuminate/Container/Container.php(763): Illuminate\\Foundation\\Application->resolve()
#15 /workspaces/vortice-pulse-app/vendor/laravel/framework/src/Illuminate/Foundation/Application.php(1058): Illuminate\\Container\\Container->make()
#16 /workspaces/vortice-pulse-app/vendor/laravel/framework/src/Illuminate/Foundation/Http/Kernel.php(258): Illuminate\\Foundation\\Application->make()
#17 /workspaces/vortice-pulse-app/vendor/laravel/framework/src/Illuminate/Foundation/Http/Kernel.php(216): Illuminate\\Foundation\\Http\\Kernel->terminateMiddleware()
#18 /workspaces/vortice-pulse-app/vendor/laravel/framework/src/Illuminate/Foundation/Application.php(1222): Illuminate\\Foundation\\Http\\Kernel->terminate()
#19 /workspaces/vortice-pulse-app/public/index.php(17): Illuminate\\Foundation\\Application->handleRequest()
#20 /workspaces/vortice-pulse-app/vendor/laravel/framework/src/Illuminate/Foundation/resources/server.php(23): require_once('...')
#21 {main}
"} 
[2026-07-18 00:27:01] production.ERROR: Please provide a valid cache path. {"exception":"[object] (InvalidArgumentException(code: 0): Please provide a valid cache path. at /workspaces/vortice-pulse-app/vendor/laravel/framework/src/Illuminate/View/Compilers/Compiler.php:67)
[stacktrace]
#0 /workspaces/vortice-pulse-app/vendor/laravel/framework/src/Illuminate/View/ViewServiceProvider.php(97): Illuminate\\View\\Compilers\\Compiler->__construct()
#1 /workspaces/vortice-pulse-app/vendor/laravel/framework/src/Illuminate/Container/Container.php(952): Illuminate\\View\\ViewServiceProvider->Illuminate\\View\\{closure}()
#2 /workspaces/vortice-pulse-app/vendor/laravel/framework/src/Illuminate/Container/Container.php(832): Illuminate\\Container\\Container->build()
#3 /workspaces/vortice-pulse-app/vendor/laravel/framework/src/Illuminate/Foundation/Application.php(1078): Illuminate\\Container\\Container->resolve()
#4 /workspaces/vortice-pulse-app/vendor/laravel/framework/src/Illuminate/Container/Container.php(763): Illuminate\\Foundation\\Application->resolve()
#5 /workspaces/vortice-pulse-app/vendor/laravel/framework/src/Illuminate/Foundation/Application.php(1058): Illuminate\\Container\\Container->make()
#6 /workspaces/vortice-pulse-app/vendor/laravel/framework/src/Illuminate/View/ViewServiceProvider.php(168): Illuminate\\Foundation\\Application->make()
#7 [internal function]: Illuminate\\View\\ViewServiceProvider->Illuminate\\View\\{closure}()
#8 /workspaces/vortice-pulse-app/vendor/laravel/framework/src/Illuminate/View/Engines/EngineResolver.php(55): call_user_func()
#9 /workspaces/vortice-pulse-app/vendor/laravel/framework/src/Illuminate/View/Factory.php(319): Illuminate\\View\\Engines\\EngineResolver->resolve()
#10 /workspaces/vortice-pulse-app/vendor/laravel/framework/src/Illuminate/View/Factory.php(288): Illuminate\\View\\Factory->getEngineFromPath()
#11 /workspaces/vortice-pulse-app/vendor/laravel/framework/src/Illuminate/View/Factory.php(160): Illuminate\\View\\Factory->viewInstance()
#12 /workspaces/vortice-pulse-app/vendor/laravel/framework/src/Illuminate/Routing/ResponseFactory.php(90): Illuminate\\View\\Factory->make()
#13 /workspaces/vortice-pulse-app/vendor/laravel/framework/src/Illuminate/Foundation/Exceptions/Handler.php(894): Illuminate\\Routing\\ResponseFactory->view()
#14 /workspaces/vortice-pulse-app/vendor/laravel/framework/src/Illuminate/Foundation/Exceptions/Handler.php(815): Illuminate\\Foundation\\Exceptions\\Handler->renderHttpException()
#15 /workspaces/vortice-pulse-app/vendor/laravel/framework/src/Illuminate/Foundation/Exceptions/Handler.php(706): Illuminate\\Foundation\\Exceptions\\Handler->prepareResponse()
#16 /workspaces/vortice-pulse-app/vendor/laravel/framework/src/Illuminate/Foundation/Exceptions/Handler.php(594): Illuminate\\Foundation\\Exceptions\\Handler->renderExceptionResponse()
#17 /workspaces/vortice-pulse-app/vendor/laravel/framework/src/Illuminate/Foundation/Bootstrap/HandleExceptions.php(221): Illuminate\\Foundation\\Exceptions\\Handler->render()
#18 /workspaces/vortice-pulse-app/vendor/laravel/framework/src/Illuminate/Foundation/Bootstrap/HandleExceptions.php(198): Illuminate\\Foundation\\Bootstrap\\HandleExceptions->renderHttpResponse()
#19 /workspaces/vortice-pulse-app/vendor/laravel/framework/src/Illuminate/Foundation/Bootstrap/HandleExceptions.php(258): Illuminate\\Foundation\\Bootstrap\\HandleExceptions->handleException()
#20 [internal function]: Illuminate\\Foundation\\Bootstrap\\HandleExceptions->Illuminate\\Foundation\\Bootstrap\\{closure}()
#21 {main}
"} 
[2026-07-18 00:27:29] production.ERROR: There are no commands defined in the "reverb" namespace. {"exception":"[object] (Symfony\\Component\\Console\\Exception\\NamespaceNotFoundException(code: 0): There are no commands defined in the \"reverb\" namespace. at /workspaces/vortice-pulse-app/vendor/symfony/console/Application.php:694)
[stacktrace]
#0 /workspaces/vortice-pulse-app/vendor/symfony/console/Application.php(743): Symfony\\Component\\Console\\Application->findNamespace()
#1 /workspaces/vortice-pulse-app/vendor/symfony/console/Application.php(298): Symfony\\Component\\Console\\Application->find()
#2 /workspaces/vortice-pulse-app/vendor/symfony/console/Application.php(195): Symfony\\Component\\Console\\Application->doRun()
#3 /workspaces/vortice-pulse-app/vendor/laravel/framework/src/Illuminate/Foundation/Console/Kernel.php(198): Symfony\\Component\\Console\\Application->run()
#4 /workspaces/vortice-pulse-app/artisan(18): Illuminate\\Foundation\\Console\\Kernel->handle()
#5 {main}
"} 
[2026-07-18 00:27:56] production.ERROR: Database file at path [/workspaces/vortice-pulse-app/database/database.sqlite] does not exist. Ensure this is an absolute path to the database. (Connection: sqlite, SQL: delete from "cache") {"exception":"[object] (Illuminate\\Database\\QueryException(code: 0): Database file at path [/workspaces/vortice-pulse-app/database/database.sqlite] does not exist. Ensure this is an absolute path to the database. (Connection: sqlite, SQL: delete from \"cache\") at /workspaces/vortice-pulse-app/vendor/laravel/framework/src/Illuminate/Database/Connection.php:825)
[stacktrace]
#0 /workspaces/vortice-pulse-app/vendor/laravel/framework/src/Illuminate/Database/Connection.php(779): Illuminate\\Database\\Connection->runQueryCallback()
#1 /workspaces/vortice-pulse-app/vendor/laravel/framework/src/Illuminate/Database/Connection.php(584): Illuminate\\Database\\Connection->run()
#2 /workspaces/vortice-pulse-app/vendor/laravel/framework/src/Illuminate/Database/Connection.php(548): Illuminate\\Database\\Connection->affectingStatement()
#3 /workspaces/vortice-pulse-app/vendor/laravel/framework/src/Illuminate/Database/Query/Builder.php(4024): Illuminate\\Database\\Connection->delete()
#4 /workspaces/vortice-pulse-app/vendor/laravel/framework/src/Illuminate/Cache/DatabaseStore.php(422): Illuminate\\Database\\Query\\Builder->delete()
#5 /workspaces/vortice-pulse-app/vendor/laravel/framework/src/Illuminate/Cache/Repository.php(792): Illuminate\\Cache\\DatabaseStore->flush()
#6 /workspaces/vortice-pulse-app/vendor/laravel/framework/src/Illuminate/Cache/Console/ClearCommand.php(69): Illuminate\\Cache\\Repository->__call()
#7 /workspaces/vortice-pulse-app/vendor/laravel/framework/src/Illuminate/Container/BoundMethod.php(36): Illuminate\\Cache\\Console\\ClearCommand->handle()
#8 /workspaces/vortice-pulse-app/vendor/laravel/framework/src/Illuminate/Container/Util.php(43): Illuminate\\Container\\BoundMethod::Illuminate\\Container\\{closure}()
#9 /workspaces/vortice-pulse-app/vendor/laravel/framework/src/Illuminate/Container/BoundMethod.php(95): Illuminate\\Container\\Util::unwrapIfClosure()
#10 /workspaces/vortice-pulse-app/vendor/laravel/framework/src/Illuminate/Container/BoundMethod.php(35): Illuminate\\Container\\BoundMethod::callBoundMethod()
#11 /workspaces/vortice-pulse-app/vendor/laravel/framework/src/Illuminate/Container/Container.php(696): Illuminate\\Container\\BoundMethod::call()
#12 /workspaces/vortice-pulse-app/vendor/laravel/framework/src/Illuminate/Console/Command.php(213): Illuminate\\Container\\Container->call()
#13 /workspaces/vortice-pulse-app/vendor/symfony/console/Command/Command.php(341): Illuminate\\Console\\Command->execute()
#14 /workspaces/vortice-pulse-app/vendor/laravel/framework/src/Illuminate/Console/Command.php(182): Symfony\\Component\\Console\\Command\\Command->run()
#15 /workspaces/vortice-pulse-app/vendor/symfony/console/Application.php(1117): Illuminate\\Console\\Command->run()
#16 /workspaces/vortice-pulse-app/vendor/symfony/console/Application.php(356): Symfony\\Component\\Console\\Application->doRunCommand()
#17 /workspaces/vortice-pulse-app/vendor/symfony/console/Application.php(195): Symfony\\Component\\Console\\Application->doRun()
#18 /workspaces/vortice-pulse-app/vendor/laravel/framework/src/Illuminate/Foundation/Console/Kernel.php(198): Symfony\\Component\\Console\\Application->run()
#19 /workspaces/vortice-pulse-app/artisan(18): Illuminate\\Foundation\\Console\\Kernel->handle()
#20 {main}

[previous exception] [object] (Illuminate\\Database\\SQLiteDatabaseDoesNotExistException(code: 0): Database file at path [/workspaces/vortice-pulse-app/database/database.sqlite] does not exist. Ensure this is an absolute path to the database. at /workspaces/vortice-pulse-app/vendor/laravel/framework/src/Illuminate/Database/Connectors/SQLiteConnector.php:37)
[stacktrace]
#0 /workspaces/vortice-pulse-app/vendor/laravel/framework/src/Illuminate/Database/Connectors/ConnectionFactory.php(224): Illuminate\\Database\\Connectors\\SQLiteConnector->connect()
#1 [internal function]: Illuminate\\Database\\Connectors\\ConnectionFactory->Illuminate\\Database\\Connectors\\{closure}()
#2 /workspaces/vortice-pulse-app/vendor/laravel/framework/src/Illuminate/Database/Connection.php(1231): call_user_func()
#3 /workspaces/vortice-pulse-app/vendor/laravel/framework/src/Illuminate/Database/Connection.php(592): Illuminate\\Database\\Connection->getPdo()
#4 /workspaces/vortice-pulse-app/vendor/laravel/framework/src/Illuminate/Database/Connection.php(812): Illuminate\\Database\\Connection->Illuminate\\Database\\{closure}()
#5 /workspaces/vortice-pulse-app/vendor/laravel/framework/src/Illuminate/Database/Connection.php(779): Illuminate\\Database\\Connection->runQueryCallback()
#6 /workspaces/vortice-pulse-app/vendor/laravel/framework/src/Illuminate/Database/Connection.php(584): Illuminate\\Database\\Connection->run()
#7 /workspaces/vortice-pulse-app/vendor/laravel/framework/src/Illuminate/Database/Connection.php(548): Illuminate\\Database\\Connection->affectingStatement()
#8 /workspaces/vortice-pulse-app/vendor/laravel/framework/src/Illuminate/Database/Query/Builder.php(4024): Illuminate\\Database\\Connection->delete()
#9 /workspaces/vortice-pulse-app/vendor/laravel/framework/src/Illuminate/Cache/DatabaseStore.php(422): Illuminate\\Database\\Query\\Builder->delete()
#10 /workspaces/vortice-pulse-app/vendor/laravel/framework/src/Illuminate/Cache/Repository.php(792): Illuminate\\Cache\\DatabaseStore->flush()
#11 /workspaces/vortice-pulse-app/vendor/laravel/framework/src/Illuminate/Cache/Console/ClearCommand.php(69): Illuminate\\Cache\\Repository->__call()
#12 /workspaces/vortice-pulse-app/vendor/laravel/framework/src/Illuminate/Container/BoundMethod.php(36): Illuminate\\Cache\\Console\\ClearCommand->handle()
#13 /workspaces/vortice-pulse-app/vendor/laravel/framework/src/Illuminate/Container/Util.php(43): Illuminate\\Container\\BoundMethod::Illuminate\\Container\\{closure}()
#14 /workspaces/vortice-pulse-app/vendor/laravel/framework/src/Illuminate/Container/BoundMethod.php(95): Illuminate\\Container\\Util::unwrapIfClosure()
#15 /workspaces/vortice-pulse-app/vendor/laravel/framework/src/Illuminate/Container/BoundMethod.php(35): Illuminate\\Container\\BoundMethod::callBoundMethod()
#16 /workspaces/vortice-pulse-app/vendor/laravel/framework/src/Illuminate/Container/Container.php(696): Illuminate\\Container\\BoundMethod::call()
#17 /workspaces/vortice-pulse-app/vendor/laravel/framework/src/Illuminate/Console/Command.php(213): Illuminate\\Container\\Container->call()
#18 /workspaces/vortice-pulse-app/vendor/symfony/console/Command/Command.php(341): Illuminate\\Console\\Command->execute()
#19 /workspaces/vortice-pulse-app/vendor/laravel/framework/src/Illuminate/Console/Command.php(182): Symfony\\Component\\Console\\Command\\Command->run()
#20 /workspaces/vortice-pulse-app/vendor/symfony/console/Application.php(1117): Illuminate\\Console\\Command->run()
#21 /workspaces/vortice-pulse-app/vendor/symfony/console/Application.php(356): Symfony\\Component\\Console\\Application->doRunCommand()
#22 /workspaces/vortice-pulse-app/vendor/symfony/console/Application.php(195): Symfony\\Component\\Console\\Application->doRun()
#23 /workspaces/vortice-pulse-app/vendor/laravel/framework/src/Illuminate/Foundation/Console/Kernel.php(198): Symfony\\Component\\Console\\Application->run()
#24 /workspaces/vortice-pulse-app/artisan(18): Illuminate\\Foundation\\Console\\Kernel->handle()
#25 {main}
"} 
[2026-07-18 00:27:56] production.ERROR: Uncaught Symfony\Component\Console\Exception\CommandNotFoundException: The command "reverb:start" does not exist. in /workspaces/vortice-pulse-app/vendor/laravel/framework/src/Illuminate/Console/Application.php:163
Stack trace:
#0 /workspaces/vortice-pulse-app/vendor/laravel/framework/src/Illuminate/Foundation/Console/Kernel.php(427): Illuminate\Console\Application->call()
#1 Command line code(1): Illuminate\Foundation\Console\Kernel->call()
#2 {main}
  thrown {"exception":"[object] (Symfony\\Component\\ErrorHandler\\Error\\FatalError(code: 0): Uncaught Symfony\\Component\\Console\\Exception\\CommandNotFoundException: The command \"reverb:start\" does not exist. in /workspaces/vortice-pulse-app/vendor/laravel/framework/src/Illuminate/Console/Application.php:163
Stack trace:
#0 /workspaces/vortice-pulse-app/vendor/laravel/framework/src/Illuminate/Foundation/Console/Kernel.php(427): Illuminate\\Console\\Application->call()
#1 Command line code(1): Illuminate\\Foundation\\Console\\Kernel->call()
#2 {main}
  thrown at /workspaces/vortice-pulse-app/vendor/laravel/framework/src/Illuminate/Console/Application.php:163)
[stacktrace]
#0 {main}
"} 
[2026-07-18 00:28:36] production.ERROR: SQLSTATE[HY000]: General error: 1 no such table: cache (Connection: sqlite, SQL: delete from "cache") {"exception":"[object] (Illuminate\\Database\\QueryException(code: HY000): SQLSTATE[HY000]: General error: 1 no such table: cache (Connection: sqlite, SQL: delete from \"cache\") at /workspaces/vortice-pulse-app/vendor/laravel/framework/src/Illuminate/Database/Connection.php:825)
[stacktrace]
#0 /workspaces/vortice-pulse-app/vendor/laravel/framework/src/Illuminate/Database/Connection.php(779): Illuminate\\Database\\Connection->runQueryCallback()
#1 /workspaces/vortice-pulse-app/vendor/laravel/framework/src/Illuminate/Database/Connection.php(584): Illuminate\\Database\\Connection->run()
#2 /workspaces/vortice-pulse-app/vendor/laravel/framework/src/Illuminate/Database/Connection.php(548): Illuminate\\Database\\Connection->affectingStatement()
#3 /workspaces/vortice-pulse-app/vendor/laravel/framework/src/Illuminate/Database/Query/Builder.php(4024): Illuminate\\Database\\Connection->delete()
#4 /workspaces/vortice-pulse-app/vendor/laravel/framework/src/Illuminate/Cache/DatabaseStore.php(422): Illuminate\\Database\\Query\\Builder->delete()
#5 /workspaces/vortice-pulse-app/vendor/laravel/framework/src/Illuminate/Cache/Repository.php(792): Illuminate\\Cache\\DatabaseStore->flush()
#6 /workspaces/vortice-pulse-app/vendor/laravel/framework/src/Illuminate/Cache/Console/ClearCommand.php(69): Illuminate\\Cache\\Repository->__call()
#7 /workspaces/vortice-pulse-app/vendor/laravel/framework/src/Illuminate/Container/BoundMethod.php(36): Illuminate\\Cache\\Console\\ClearCommand->handle()
#8 /workspaces/vortice-pulse-app/vendor/laravel/framework/src/Illuminate/Container/Util.php(43): Illuminate\\Container\\BoundMethod::Illuminate\\Container\\{closure}()
#9 /workspaces/vortice-pulse-app/vendor/laravel/framework/src/Illuminate/Container/BoundMethod.php(95): Illuminate\\Container\\Util::unwrapIfClosure()
#10 /workspaces/vortice-pulse-app/vendor/laravel/framework/src/Illuminate/Container/BoundMethod.php(35): Illuminate\\Container\\BoundMethod::callBoundMethod()
#11 /workspaces/vortice-pulse-app/vendor/laravel/framework/src/Illuminate/Container/Container.php(696): Illuminate\\Container\\BoundMethod::call()
#12 /workspaces/vortice-pulse-app/vendor/laravel/framework/src/Illuminate/Console/Command.php(213): Illuminate\\Container\\Container->call()
#13 /workspaces/vortice-pulse-app/vendor/symfony/console/Command/Command.php(341): Illuminate\\Console\\Command->execute()
#14 /workspaces/vortice-pulse-app/vendor/laravel/framework/src/Illuminate/Console/Command.php(182): Symfony\\Component\\Console\\Command\\Command->run()
#15 /workspaces/vortice-pulse-app/vendor/symfony/console/Application.php(1117): Illuminate\\Console\\Command->run()
#16 /workspaces/vortice-pulse-app/vendor/symfony/console/Application.php(356): Symfony\\Component\\Console\\Application->doRunCommand()
#17 /workspaces/vortice-pulse-app/vendor/symfony/console/Application.php(195): Symfony\\Component\\Console\\Application->doRun()
#18 /workspaces/vortice-pulse-app/vendor/laravel/framework/src/Illuminate/Foundation/Console/Kernel.php(198): Symfony\\Component\\Console\\Application->run()
#19 /workspaces/vortice-pulse-app/artisan(18): Illuminate\\Foundation\\Console\\Kernel->handle()
#20 {main}

[previous exception] [object] (PDOException(code: HY000): SQLSTATE[HY000]: General error: 1 no such table: cache at /workspaces/vortice-pulse-app/vendor/laravel/framework/src/Illuminate/Database/Connection.php:592)
[stacktrace]
#0 /workspaces/vortice-pulse-app/vendor/laravel/framework/src/Illuminate/Database/Connection.php(592): PDO->prepare()
#1 /workspaces/vortice-pulse-app/vendor/laravel/framework/src/Illuminate/Database/Connection.php(812): Illuminate\\Database\\Connection->Illuminate\\Database\\{closure}()
#2 /workspaces/vortice-pulse-app/vendor/laravel/framework/src/Illuminate/Database/Connection.php(779): Illuminate\\Database\\Connection->runQueryCallback()
#3 /workspaces/vortice-pulse-app/vendor/laravel/framework/src/Illuminate/Database/Connection.php(584): Illuminate\\Database\\Connection->run()
#4 /workspaces/vortice-pulse-app/vendor/laravel/framework/src/Illuminate/Database/Connection.php(548): Illuminate\\Database\\Connection->affectingStatement()
#5 /workspaces/vortice-pulse-app/vendor/laravel/framework/src/Illuminate/Database/Query/Builder.php(4024): Illuminate\\Database\\Connection->delete()
#6 /workspaces/vortice-pulse-app/vendor/laravel/framework/src/Illuminate/Cache/DatabaseStore.php(422): Illuminate\\Database\\Query\\Builder->delete()
#7 /workspaces/vortice-pulse-app/vendor/laravel/framework/src/Illuminate/Cache/Repository.php(792): Illuminate\\Cache\\DatabaseStore->flush()
#8 /workspaces/vortice-pulse-app/vendor/laravel/framework/src/Illuminate/Cache/Console/ClearCommand.php(69): Illuminate\\Cache\\Repository->__call()
#9 /workspaces/vortice-pulse-app/vendor/laravel/framework/src/Illuminate/Container/BoundMethod.php(36): Illuminate\\Cache\\Console\\ClearCommand->handle()
#10 /workspaces/vortice-pulse-app/vendor/laravel/framework/src/Illuminate/Container/Util.php(43): Illuminate\\Container\\BoundMethod::Illuminate\\Container\\{closure}()
#11 /workspaces/vortice-pulse-app/vendor/laravel/framework/src/Illuminate/Container/BoundMethod.php(95): Illuminate\\Container\\Util::unwrapIfClosure()
#12 /workspaces/vortice-pulse-app/vendor/laravel/framework/src/Illuminate/Container/BoundMethod.php(35): Illuminate\\Container\\BoundMethod::callBoundMethod()
#13 /workspaces/vortice-pulse-app/vendor/laravel/framework/src/Illuminate/Container/Container.php(696): Illuminate\\Container\\BoundMethod::call()
#14 /workspaces/vortice-pulse-app/vendor/laravel/framework/src/Illuminate/Console/Command.php(213): Illuminate\\Container\\Container->call()
#15 /workspaces/vortice-pulse-app/vendor/symfony/console/Command/Command.php(341): Illuminate\\Console\\Command->execute()
#16 /workspaces/vortice-pulse-app/vendor/laravel/framework/src/Illuminate/Console/Command.php(182): Symfony\\Component\\Console\\Command\\Command->run()
#17 /workspaces/vortice-pulse-app/vendor/symfony/console/Application.php(1117): Illuminate\\Console\\Command->run()
#18 /workspaces/vortice-pulse-app/vendor/symfony/console/Application.php(356): Symfony\\Component\\Console\\Application->doRunCommand()
#19 /workspaces/vortice-pulse-app/vendor/symfony/console/Application.php(195): Symfony\\Component\\Console\\Application->doRun()
#20 /workspaces/vortice-pulse-app/vendor/laravel/framework/src/Illuminate/Foundation/Console/Kernel.php(198): Symfony\\Component\\Console\\Application->run()
#21 /workspaces/vortice-pulse-app/artisan(18): Illuminate\\Foundation\\Console\\Kernel->handle()
#22 {main}
"} 
[2026-07-18 00:30:17] production.ERROR: No application encryption key has been specified. {"exception":"[object] (Illuminate\\Encryption\\MissingAppKeyException(code: 0): No application encryption key has been specified. at /workspaces/vortice-pulse-app/vendor/laravel/framework/src/Illuminate/Encryption/EncryptionServiceProvider.php:83)
[stacktrace]
#0 /workspaces/vortice-pulse-app/vendor/laravel/framework/src/Illuminate/Support/helpers.php(399): Illuminate\\Encryption\\EncryptionServiceProvider->Illuminate\\Encryption\\{closure}()
#1 /workspaces/vortice-pulse-app/vendor/laravel/framework/src/Illuminate/Encryption/EncryptionServiceProvider.php(81): tap()
#2 /workspaces/vortice-pulse-app/vendor/laravel/framework/src/Illuminate/Encryption/EncryptionServiceProvider.php(64): Illuminate\\Encryption\\EncryptionServiceProvider->key()
#3 /workspaces/vortice-pulse-app/vendor/laravel/framework/src/Illuminate/Encryption/EncryptionServiceProvider.php(32): Illuminate\\Encryption\\EncryptionServiceProvider->parseKey()
#4 /workspaces/vortice-pulse-app/vendor/laravel/framework/src/Illuminate/Container/Container.php(952): Illuminate\\Encryption\\EncryptionServiceProvider->Illuminate\\Encryption\\{closure}()
#5 /workspaces/vortice-pulse-app/vendor/laravel/framework/src/Illuminate/Container/Container.php(832): Illuminate\\Container\\Container->build()
#6 /workspaces/vortice-pulse-app/vendor/laravel/framework/src/Illuminate/Foundation/Application.php(1078): Illuminate\\Container\\Container->resolve()
#7 /workspaces/vortice-pulse-app/vendor/laravel/framework/src/Illuminate/Container/Container.php(763): Illuminate\\Foundation\\Application->resolve()
#8 /workspaces/vortice-pulse-app/vendor/laravel/framework/src/Illuminate/Foundation/Application.php(1058): Illuminate\\Container\\Container->make()
#9 /workspaces/vortice-pulse-app/vendor/laravel/framework/src/Illuminate/Container/Container.php(1133): Illuminate\\Foundation\\Application->make()
#10 /workspaces/vortice-pulse-app/vendor/laravel/framework/src/Illuminate/Container/Container.php(1043): Illuminate\\Container\\Container->resolveClass()
#11 /workspaces/vortice-pulse-app/vendor/laravel/framework/src/Illuminate/Container/Container.php(994): Illuminate\\Container\\Container->resolveDependencies()
#12 /workspaces/vortice-pulse-app/vendor/laravel/framework/src/Illuminate/Container/Container.php(832): Illuminate\\Container\\Container->build()
#13 /workspaces/vortice-pulse-app/vendor/laravel/framework/src/Illuminate/Foundation/Application.php(1078): Illuminate\\Container\\Container->resolve()
#14 /workspaces/vortice-pulse-app/vendor/laravel/framework/src/Illuminate/Container/Container.php(763): Illuminate\\Foundation\\Application->resolve()
#15 /workspaces/vortice-pulse-app/vendor/laravel/framework/src/Illuminate/Foundation/Application.php(1058): Illuminate\\Container\\Container->make()
#16 /workspaces/vortice-pulse-app/vendor/laravel/framework/src/Illuminate/Pipeline/Pipeline.php(198): Illuminate\\Foundation\\Application->make()
#17 /workspaces/vortice-pulse-app/vendor/laravel/framework/src/Illuminate/Pipeline/Pipeline.php(127): Illuminate\\Pipeline\\Pipeline->Illuminate\\Pipeline\\{closure}()
#18 /workspaces/vortice-pulse-app/vendor/laravel/framework/src/Illuminate/Routing/Router.php(807): Illuminate\\Pipeline\\Pipeline->then()
#19 /workspaces/vortice-pulse-app/vendor/laravel/framework/src/Illuminate/Routing/Router.php(786): Illuminate\\Routing\\Router->runRouteWithinStack()
#20 /workspaces/vortice-pulse-app/vendor/laravel/framework/src/Illuminate/Routing/Router.php(750): Illuminate\\Routing\\Router->runRoute()
#21 /workspaces/vortice-pulse-app/vendor/laravel/framework/src/Illuminate/Routing/Router.php(739): Illuminate\\Routing\\Router->dispatchToRoute()
#22 /workspaces/vortice-pulse-app/vendor/laravel/framework/src/Illuminate/Foundation/Http/Kernel.php(201): Illuminate\\Routing\\Router->dispatch()
#23 /workspaces/vortice-pulse-app/vendor/laravel/framework/src/Illuminate/Pipeline/Pipeline.php(170): Illuminate\\Foundation\\Http\\Kernel->Illuminate\\Foundation\\Http\\{closure}()
#24 /workspaces/vortice-pulse-app/vendor/laravel/framework/src/Illuminate/Foundation/Http/Middleware/TransformsRequest.php(21): Illuminate\\Pipeline\\Pipeline->Illuminate\\Pipeline\\{closure}()
#25 /workspaces/vortice-pulse-app/vendor/laravel/framework/src/Illuminate/Foundation/Http/Middleware/ConvertEmptyStringsToNull.php(31): Illuminate\\Foundation\\Http\\Middleware\\TransformsRequest->handle()
#26 /workspaces/vortice-pulse-app/vendor/laravel/framework/src/Illuminate/Pipeline/Pipeline.php(209): Illuminate\\Foundation\\Http\\Middleware\\ConvertEmptyStringsToNull->handle()
#27 /workspaces/vortice-pulse-app/vendor/laravel/framework/src/Illuminate/Foundation/Http/Middleware/TransformsRequest.php(21): Illuminate\\Pipeline\\Pipeline->Illuminate\\Pipeline\\{closure}()
#28 /workspaces/vortice-pulse-app/vendor/laravel/framework/src/Illuminate/Foundation/Http/Middleware/TrimStrings.php(51): Illuminate\\Foundation\\Http\\Middleware\\TransformsRequest->handle()
#29 /workspaces/vortice-pulse-app/vendor/laravel/framework/src/Illuminate/Pipeline/Pipeline.php(209): Illuminate\\Foundation\\Http\\Middleware\\TrimStrings->handle()
#30 /workspaces/vortice-pulse-app/vendor/laravel/framework/src/Illuminate/Http/Middleware/ValidatePostSize.php(27): Illuminate\\Pipeline\\Pipeline->Illuminate\\Pipeline\\{closure}()
#31 /workspaces/vortice-pulse-app/vendor/laravel/framework/src/Illuminate/Pipeline/Pipeline.php(209): Illuminate\\Http\\Middleware\\ValidatePostSize->handle()
#32 /workspaces/vortice-pulse-app/vendor/laravel/framework/src/Illuminate/Foundation/Http/Middleware/PreventRequestsDuringMaintenance.php(110): Illuminate\\Pipeline\\Pipeline->Illuminate\\Pipeline\\{closure}()
#33 /workspaces/vortice-pulse-app/vendor/laravel/framework/src/Illuminate/Pipeline/Pipeline.php(209): Illuminate\\Foundation\\Http\\Middleware\\PreventRequestsDuringMaintenance->handle()
#34 /workspaces/vortice-pulse-app/vendor/laravel/framework/src/Illuminate/Http/Middleware/HandleCors.php(49): Illuminate\\Pipeline\\Pipeline->Illuminate\\Pipeline\\{closure}()
#35 /workspaces/vortice-pulse-app/vendor/laravel/framework/src/Illuminate/Pipeline/Pipeline.php(209): Illuminate\\Http\\Middleware\\HandleCors->handle()
#36 /workspaces/vortice-pulse-app/vendor/laravel/framework/src/Illuminate/Http/Middleware/TrustProxies.php(58): Illuminate\\Pipeline\\Pipeline->Illuminate\\Pipeline\\{closure}()
#37 /workspaces/vortice-pulse-app/vendor/laravel/framework/src/Illuminate/Pipeline/Pipeline.php(209): Illuminate\\Http\\Middleware\\TrustProxies->handle()
#38 /workspaces/vortice-pulse-app/vendor/laravel/framework/src/Illuminate/Foundation/Http/Middleware/InvokeDeferredCallbacks.php(22): Illuminate\\Pipeline\\Pipeline->Illuminate\\Pipeline\\{closure}()
#39 /workspaces/vortice-pulse-app/vendor/laravel/framework/src/Illuminate/Pipeline/Pipeline.php(209): Illuminate\\Foundation\\Http\\Middleware\\InvokeDeferredCallbacks->handle()
#40 /workspaces/vortice-pulse-app/vendor/laravel/framework/src/Illuminate/Pipeline/Pipeline.php(127): Illuminate\\Pipeline\\Pipeline->Illuminate\\Pipeline\\{closure}()
#41 /workspaces/vortice-pulse-app/vendor/laravel/framework/src/Illuminate/Foundation/Http/Kernel.php(176): Illuminate\\Pipeline\\Pipeline->then()
#42 /workspaces/vortice-pulse-app/vendor/laravel/framework/src/Illuminate/Foundation/Http/Kernel.php(145): Illuminate\\Foundation\\Http\\Kernel->sendRequestThroughRouter()
#43 /workspaces/vortice-pulse-app/vendor/laravel/framework/src/Illuminate/Foundation/Application.php(1220): Illuminate\\Foundation\\Http\\Kernel->handle()
#44 /workspaces/vortice-pulse-app/public/index.php(17): Illuminate\\Foundation\\Application->handleRequest()
#45 /workspaces/vortice-pulse-app/vendor/laravel/framework/src/Illuminate/Foundation/resources/server.php(23): require_once('...')
#46 {main}
"} 
[2026-07-18 00:30:17] production.ERROR: Please provide a valid cache path. {"exception":"[object] (InvalidArgumentException(code: 0): Please provide a valid cache path. at /workspaces/vortice-pulse-app/vendor/laravel/framework/src/Illuminate/View/Compilers/Compiler.php:67)
[stacktrace]
#0 /workspaces/vortice-pulse-app/vendor/laravel/framework/src/Illuminate/View/ViewServiceProvider.php(97): Illuminate\\View\\Compilers\\Compiler->__construct()
#1 /workspaces/vortice-pulse-app/vendor/laravel/framework/src/Illuminate/Container/Container.php(952): Illuminate\\View\\ViewServiceProvider->Illuminate\\View\\{closure}()
#2 /workspaces/vortice-pulse-app/vendor/laravel/framework/src/Illuminate/Container/Container.php(832): Illuminate\\Container\\Container->build()
#3 /workspaces/vortice-pulse-app/vendor/laravel/framework/src/Illuminate/Foundation/Application.php(1078): Illuminate\\Container\\Container->resolve()
#4 /workspaces/vortice-pulse-app/vendor/laravel/framework/src/Illuminate/Container/Container.php(763): Illuminate\\Foundation\\Application->resolve()
#5 /workspaces/vortice-pulse-app/vendor/laravel/framework/src/Illuminate/Foundation/Application.php(1058): Illuminate\\Container\\Container->make()
#6 /workspaces/vortice-pulse-app/vendor/laravel/framework/src/Illuminate/View/ViewServiceProvider.php(168): Illuminate\\Foundation\\Application->make()
#7 [internal function]: Illuminate\\View\\ViewServiceProvider->Illuminate\\View\\{closure}()
#8 /workspaces/vortice-pulse-app/vendor/laravel/framework/src/Illuminate/View/Engines/EngineResolver.php(55): call_user_func()
#9 /workspaces/vortice-pulse-app/vendor/laravel/framework/src/Illuminate/View/Factory.php(326): Illuminate\\View\\Engines\\EngineResolver->resolve()
#10 /workspaces/vortice-pulse-app/vendor/laravel/framework/src/Illuminate/View/Factory.php(288): Illuminate\\View\\Factory->getEngineFromPath()
#11 /workspaces/vortice-pulse-app/vendor/laravel/framework/src/Illuminate/View/Factory.php(160): Illuminate\\View\\Factory->viewInstance()
#12 /workspaces/vortice-pulse-app/vendor/laravel/framework/src/Illuminate/Routing/ResponseFactory.php(90): Illuminate\\View\\Factory->make()
#13 /workspaces/vortice-pulse-app/vendor/laravel/framework/src/Illuminate/Foundation/Exceptions/Handler.php(894): Illuminate\\Routing\\ResponseFactory->view()
#14 /workspaces/vortice-pulse-app/vendor/laravel/framework/src/Illuminate/Foundation/Exceptions/Handler.php(815): Illuminate\\Foundation\\Exceptions\\Handler->renderHttpException()
#15 /workspaces/vortice-pulse-app/vendor/laravel/framework/src/Illuminate/Foundation/Exceptions/Handler.php(706): Illuminate\\Foundation\\Exceptions\\Handler->prepareResponse()
#16 /workspaces/vortice-pulse-app/vendor/laravel/framework/src/Illuminate/Foundation/Exceptions/Handler.php(594): Illuminate\\Foundation\\Exceptions\\Handler->renderExceptionResponse()
#17 /workspaces/vortice-pulse-app/vendor/laravel/framework/src/Illuminate/Routing/Pipeline.php(51): Illuminate\\Foundation\\Exceptions\\Handler->render()
#18 /workspaces/vortice-pulse-app/vendor/laravel/framework/src/Illuminate/Pipeline/Pipeline.php(214): Illuminate\\Routing\\Pipeline->handleException()
#19 /workspaces/vortice-pulse-app/vendor/laravel/framework/src/Illuminate/Pipeline/Pipeline.php(127): Illuminate\\Pipeline\\Pipeline->Illuminate\\Pipeline\\{closure}()
#20 /workspaces/vortice-pulse-app/vendor/laravel/framework/src/Illuminate/Routing/Router.php(807): Illuminate\\Pipeline\\Pipeline->then()
#21 /workspaces/vortice-pulse-app/vendor/laravel/framework/src/Illuminate/Routing/Router.php(786): Illuminate\\Routing\\Router->runRouteWithinStack()
#22 /workspaces/vortice-pulse-app/vendor/laravel/framework/src/Illuminate/Routing/Router.php(750): Illuminate\\Routing\\Router->runRoute()
#23 /workspaces/vortice-pulse-app/vendor/laravel/framework/src/Illuminate/Routing/Router.php(739): Illuminate\\Routing\\Router->dispatchToRoute()
#24 /workspaces/vortice-pulse-app/vendor/laravel/framework/src/Illuminate/Foundation/Http/Kernel.php(201): Illuminate\\Routing\\Router->dispatch()
#25 /workspaces/vortice-pulse-app/vendor/laravel/framework/src/Illuminate/Pipeline/Pipeline.php(170): Illuminate\\Foundation\\Http\\Kernel->Illuminate\\Foundation\\Http\\{closure}()
#26 /workspaces/vortice-pulse-app/vendor/laravel/framework/src/Illuminate/Foundation/Http/Middleware/TransformsRequest.php(21): Illuminate\\Pipeline\\Pipeline->Illuminate\\Pipeline\\{closure}()
#27 /workspaces/vortice-pulse-app/vendor/laravel/framework/src/Illuminate/Foundation/Http/Middleware/ConvertEmptyStringsToNull.php(31): Illuminate\\Foundation\\Http\\Middleware\\TransformsRequest->handle()
#28 /workspaces/vortice-pulse-app/vendor/laravel/framework/src/Illuminate/Pipeline/Pipeline.php(209): Illuminate\\Foundation\\Http\\Middleware\\ConvertEmptyStringsToNull->handle()
#29 /workspaces/vortice-pulse-app/vendor/laravel/framework/src/Illuminate/Foundation/Http/Middleware/TransformsRequest.php(21): Illuminate\\Pipeline\\Pipeline->Illuminate\\Pipeline\\{closure}()
#30 /workspaces/vortice-pulse-app/vendor/laravel/framework/src/Illuminate/Foundation/Http/Middleware/TrimStrings.php(51): Illuminate\\Foundation\\Http\\Middleware\\TransformsRequest->handle()
#31 /workspaces/vortice-pulse-app/vendor/laravel/framework/src/Illuminate/Pipeline/Pipeline.php(209): Illuminate\\Foundation\\Http\\Middleware\\TrimStrings->handle()
#32 /workspaces/vortice-pulse-app/vendor/laravel/framework/src/Illuminate/Http/Middleware/ValidatePostSize.php(27): Illuminate\\Pipeline\\Pipeline->Illuminate\\Pipeline\\{closure}()
#33 /workspaces/vortice-pulse-app/vendor/laravel/framework/src/Illuminate/Pipeline/Pipeline.php(209): Illuminate\\Http\\Middleware\\ValidatePostSize->handle()
#34 /workspaces/vortice-pulse-app/vendor/laravel/framework/src/Illuminate/Foundation/Http/Middleware/PreventRequestsDuringMaintenance.php(110): Illuminate\\Pipeline\\Pipeline->Illuminate\\Pipeline\\{closure}()
#35 /workspaces/vortice-pulse-app/vendor/laravel/framework/src/Illuminate/Pipeline/Pipeline.php(209): Illuminate\\Foundation\\Http\\Middleware\\PreventRequestsDuringMaintenance->handle()
#36 /workspaces/vortice-pulse-app/vendor/laravel/framework/src/Illuminate/Http/Middleware/HandleCors.php(49): Illuminate\\Pipeline\\Pipeline->Illuminate\\Pipeline\\{closure}()
#37 /workspaces/vortice-pulse-app/vendor/laravel/framework/src/Illuminate/Pipeline/Pipeline.php(209): Illuminate\\Http\\Middleware\\HandleCors->handle()
#38 /workspaces/vortice-pulse-app/vendor/laravel/framework/src/Illuminate/Http/Middleware/TrustProxies.php(58): Illuminate\\Pipeline\\Pipeline->Illuminate\\Pipeline\\{closure}()
#39 /workspaces/vortice-pulse-app/vendor/laravel/framework/src/Illuminate/Pipeline/Pipeline.php(209): Illuminate\\Http\\Middleware\\TrustProxies->handle()
#40 /workspaces/vortice-pulse-app/vendor/laravel/framework/src/Illuminate/Foundation/Http/Middleware/InvokeDeferredCallbacks.php(22): Illuminate\\Pipeline\\Pipeline->Illuminate\\Pipeline\\{closure}()
#41 /workspaces/vortice-pulse-app/vendor/laravel/framework/src/Illuminate/Pipeline/Pipeline.php(209): Illuminate\\Foundation\\Http\\Middleware\\InvokeDeferredCallbacks->handle()
#42 /workspaces/vortice-pulse-app/vendor/laravel/framework/src/Illuminate/Pipeline/Pipeline.php(127): Illuminate\\Pipeline\\Pipeline->Illuminate\\Pipeline\\{closure}()
#43 /workspaces/vortice-pulse-app/vendor/laravel/framework/src/Illuminate/Foundation/Http/Kernel.php(176): Illuminate\\Pipeline\\Pipeline->then()
#44 /workspaces/vortice-pulse-app/vendor/laravel/framework/src/Illuminate/Foundation/Http/Kernel.php(145): Illuminate\\Foundation\\Http\\Kernel->sendRequestThroughRouter()
#45 /workspaces/vortice-pulse-app/vendor/laravel/framework/src/Illuminate/Foundation/Application.php(1220): Illuminate\\Foundation\\Http\\Kernel->handle()
#46 /workspaces/vortice-pulse-app/public/index.php(17): Illuminate\\Foundation\\Application->handleRequest()
#47 /workspaces/vortice-pulse-app/vendor/laravel/framework/src/Illuminate/Foundation/resources/server.php(23): require_once('...')
#48 {main}
"} 
[2026-07-18 00:30:17] production.ERROR: No application encryption key has been specified. {"exception":"[object] (Illuminate\\Encryption\\MissingAppKeyException(code: 0): No application encryption key has been specified. at /workspaces/vortice-pulse-app/vendor/laravel/framework/src/Illuminate/Encryption/EncryptionServiceProvider.php:83)
[stacktrace]
#0 /workspaces/vortice-pulse-app/vendor/laravel/framework/src/Illuminate/Support/helpers.php(399): Illuminate\\Encryption\\EncryptionServiceProvider->Illuminate\\Encryption\\{closure}()
#1 /workspaces/vortice-pulse-app/vendor/laravel/framework/src/Illuminate/Encryption/EncryptionServiceProvider.php(81): tap()
#2 /workspaces/vortice-pulse-app/vendor/laravel/framework/src/Illuminate/Encryption/EncryptionServiceProvider.php(64): Illuminate\\Encryption\\EncryptionServiceProvider->key()
#3 /workspaces/vortice-pulse-app/vendor/laravel/framework/src/Illuminate/Encryption/EncryptionServiceProvider.php(32): Illuminate\\Encryption\\EncryptionServiceProvider->parseKey()
#4 /workspaces/vortice-pulse-app/vendor/laravel/framework/src/Illuminate/Container/Container.php(952): Illuminate\\Encryption\\EncryptionServiceProvider->Illuminate\\Encryption\\{closure}()
#5 /workspaces/vortice-pulse-app/vendor/laravel/framework/src/Illuminate/Container/Container.php(832): Illuminate\\Container\\Container->build()
#6 /workspaces/vortice-pulse-app/vendor/laravel/framework/src/Illuminate/Foundation/Application.php(1078): Illuminate\\Container\\Container->resolve()
#7 /workspaces/vortice-pulse-app/vendor/laravel/framework/src/Illuminate/Container/Container.php(763): Illuminate\\Foundation\\Application->resolve()
#8 /workspaces/vortice-pulse-app/vendor/laravel/framework/src/Illuminate/Foundation/Application.php(1058): Illuminate\\Container\\Container->make()
#9 /workspaces/vortice-pulse-app/vendor/laravel/framework/src/Illuminate/Container/Container.php(1133): Illuminate\\Foundation\\Application->make()
#10 /workspaces/vortice-pulse-app/vendor/laravel/framework/src/Illuminate/Container/Container.php(1043): Illuminate\\Container\\Container->resolveClass()
#11 /workspaces/vortice-pulse-app/vendor/laravel/framework/src/Illuminate/Container/Container.php(994): Illuminate\\Container\\Container->resolveDependencies()
#12 /workspaces/vortice-pulse-app/vendor/laravel/framework/src/Illuminate/Container/Container.php(832): Illuminate\\Container\\Container->build()
#13 /workspaces/vortice-pulse-app/vendor/laravel/framework/src/Illuminate/Foundation/Application.php(1078): Illuminate\\Container\\Container->resolve()
#14 /workspaces/vortice-pulse-app/vendor/laravel/framework/src/Illuminate/Container/Container.php(763): Illuminate\\Foundation\\Application->resolve()
#15 /workspaces/vortice-pulse-app/vendor/laravel/framework/src/Illuminate/Foundation/Application.php(1058): Illuminate\\Container\\Container->make()
#16 /workspaces/vortice-pulse-app/vendor/laravel/framework/src/Illuminate/Foundation/Http/Kernel.php(258): Illuminate\\Foundation\\Application->make()
#17 /workspaces/vortice-pulse-app/vendor/laravel/framework/src/Illuminate/Foundation/Http/Kernel.php(216): Illuminate\\Foundation\\Http\\Kernel->terminateMiddleware()
#18 /workspaces/vortice-pulse-app/vendor/laravel/framework/src/Illuminate/Foundation/Application.php(1222): Illuminate\\Foundation\\Http\\Kernel->terminate()
#19 /workspaces/vortice-pulse-app/public/index.php(17): Illuminate\\Foundation\\Application->handleRequest()
#20 /workspaces/vortice-pulse-app/vendor/laravel/framework/src/Illuminate/Foundation/resources/server.php(23): require_once('...')
#21 {main}
"} 
[2026-07-18 00:30:17] production.ERROR: Please provide a valid cache path. {"exception":"[object] (InvalidArgumentException(code: 0): Please provide a valid cache path. at /workspaces/vortice-pulse-app/vendor/laravel/framework/src/Illuminate/View/Compilers/Compiler.php:67)
[stacktrace]
#0 /workspaces/vortice-pulse-app/vendor/laravel/framework/src/Illuminate/View/ViewServiceProvider.php(97): Illuminate\\View\\Compilers\\Compiler->__construct()
#1 /workspaces/vortice-pulse-app/vendor/laravel/framework/src/Illuminate/Container/Container.php(952): Illuminate\\View\\ViewServiceProvider->Illuminate\\View\\{closure}()
#2 /workspaces/vortice-pulse-app/vendor/laravel/framework/src/Illuminate/Container/Container.php(832): Illuminate\\Container\\Container->build()
#3 /workspaces/vortice-pulse-app/vendor/laravel/framework/src/Illuminate/Foundation/Application.php(1078): Illuminate\\Container\\Container->resolve()
#4 /workspaces/vortice-pulse-app/vendor/laravel/framework/src/Illuminate/Container/Container.php(763): Illuminate\\Foundation\\Application->resolve()
#5 /workspaces/vortice-pulse-app/vendor/laravel/framework/src/Illuminate/Foundation/Application.php(1058): Illuminate\\Container\\Container->make()
#6 /workspaces/vortice-pulse-app/vendor/laravel/framework/src/Illuminate/View/ViewServiceProvider.php(168): Illuminate\\Foundation\\Application->make()
#7 [internal function]: Illuminate\\View\\ViewServiceProvider->Illuminate\\View\\{closure}()
#8 /workspaces/vortice-pulse-app/vendor/laravel/framework/src/Illuminate/View/Engines/EngineResolver.php(55): call_user_func()
#9 /workspaces/vortice-pulse-app/vendor/laravel/framework/src/Illuminate/View/Factory.php(319): Illuminate\\View\\Engines\\EngineResolver->resolve()
#10 /workspaces/vortice-pulse-app/vendor/laravel/framework/src/Illuminate/View/Factory.php(288): Illuminate\\View\\Factory->getEngineFromPath()
#11 /workspaces/vortice-pulse-app/vendor/laravel/framework/src/Illuminate/View/Factory.php(160): Illuminate\\View\\Factory->viewInstance()
#12 /workspaces/vortice-pulse-app/vendor/laravel/framework/src/Illuminate/Routing/ResponseFactory.php(90): Illuminate\\View\\Factory->make()
#13 /workspaces/vortice-pulse-app/vendor/laravel/framework/src/Illuminate/Foundation/Exceptions/Handler.php(894): Illuminate\\Routing\\ResponseFactory->view()
#14 /workspaces/vortice-pulse-app/vendor/laravel/framework/src/Illuminate/Foundation/Exceptions/Handler.php(815): Illuminate\\Foundation\\Exceptions\\Handler->renderHttpException()
#15 /workspaces/vortice-pulse-app/vendor/laravel/framework/src/Illuminate/Foundation/Exceptions/Handler.php(706): Illuminate\\Foundation\\Exceptions\\Handler->prepareResponse()
#16 /workspaces/vortice-pulse-app/vendor/laravel/framework/src/Illuminate/Foundation/Exceptions/Handler.php(594): Illuminate\\Foundation\\Exceptions\\Handler->renderExceptionResponse()
#17 /workspaces/vortice-pulse-app/vendor/laravel/framework/src/Illuminate/Foundation/Bootstrap/HandleExceptions.php(221): Illuminate\\Foundation\\Exceptions\\Handler->render()
#18 /workspaces/vortice-pulse-app/vendor/laravel/framework/src/Illuminate/Foundation/Bootstrap/HandleExceptions.php(198): Illuminate\\Foundation\\Bootstrap\\HandleExceptions->renderHttpResponse()
#19 /workspaces/vortice-pulse-app/vendor/laravel/framework/src/Illuminate/Foundation/Bootstrap/HandleExceptions.php(258): Illuminate\\Foundation\\Bootstrap\\HandleExceptions->handleException()
#20 [internal function]: Illuminate\\Foundation\\Bootstrap\\HandleExceptions->Illuminate\\Foundation\\Bootstrap\\{closure}()
#21 {main}
"} 
[2026-07-18 00:30:27] production.ERROR: No application encryption key has been specified. {"exception":"[object] (Illuminate\\Encryption\\MissingAppKeyException(code: 0): No application encryption key has been specified. at /workspaces/vortice-pulse-app/vendor/laravel/framework/src/Illuminate/Encryption/EncryptionServiceProvider.php:83)
[stacktrace]
#0 /workspaces/vortice-pulse-app/vendor/laravel/framework/src/Illuminate/Support/helpers.php(399): Illuminate\\Encryption\\EncryptionServiceProvider->Illuminate\\Encryption\\{closure}()
#1 /workspaces/vortice-pulse-app/vendor/laravel/framework/src/Illuminate/Encryption/EncryptionServiceProvider.php(81): tap()
#2 /workspaces/vortice-pulse-app/vendor/laravel/framework/src/Illuminate/Encryption/EncryptionServiceProvider.php(64): Illuminate\\Encryption\\EncryptionServiceProvider->key()
#3 /workspaces/vortice-pulse-app/vendor/laravel/framework/src/Illuminate/Encryption/EncryptionServiceProvider.php(32): Illuminate\\Encryption\\EncryptionServiceProvider->parseKey()
#4 /workspaces/vortice-pulse-app/vendor/laravel/framework/src/Illuminate/Container/Container.php(952): Illuminate\\Encryption\\EncryptionServiceProvider->Illuminate\\Encryption\\{closure}()
#5 /workspaces/vortice-pulse-app/vendor/laravel/framework/src/Illuminate/Container/Container.php(832): Illuminate\\Container\\Container->build()
#6 /workspaces/vortice-pulse-app/vendor/laravel/framework/src/Illuminate/Foundation/Application.php(1078): Illuminate\\Container\\Container->resolve()
#7 /workspaces/vortice-pulse-app/vendor/laravel/framework/src/Illuminate/Container/Container.php(763): Illuminate\\Foundation\\Application->resolve()
#8 /workspaces/vortice-pulse-app/vendor/laravel/framework/src/Illuminate/Foundation/Application.php(1058): Illuminate\\Container\\Container->make()
#9 /workspaces/vortice-pulse-app/vendor/laravel/framework/src/Illuminate/Container/Container.php(1133): Illuminate\\Foundation\\Application->make()
#10 /workspaces/vortice-pulse-app/vendor/laravel/framework/src/Illuminate/Container/Container.php(1043): Illuminate\\Container\\Container->resolveClass()
#11 /workspaces/vortice-pulse-app/vendor/laravel/framework/src/Illuminate/Container/Container.php(994): Illuminate\\Container\\Container->resolveDependencies()
#12 /workspaces/vortice-pulse-app/vendor/laravel/framework/src/Illuminate/Container/Container.php(832): Illuminate\\Container\\Container->build()
#13 /workspaces/vortice-pulse-app/vendor/laravel/framework/src/Illuminate/Foundation/Application.php(1078): Illuminate\\Container\\Container->resolve()
#14 /workspaces/vortice-pulse-app/vendor/laravel/framework/src/Illuminate/Container/Container.php(763): Illuminate\\Foundation\\Application->resolve()
#15 /workspaces/vortice-pulse-app/vendor/laravel/framework/src/Illuminate/Foundation/Application.php(1058): Illuminate\\Container\\Container->make()
#16 /workspaces/vortice-pulse-app/vendor/laravel/framework/src/Illuminate/Pipeline/Pipeline.php(198): Illuminate\\Foundation\\Application->make()
#17 /workspaces/vortice-pulse-app/vendor/laravel/framework/src/Illuminate/Pipeline/Pipeline.php(127): Illuminate\\Pipeline\\Pipeline->Illuminate\\Pipeline\\{closure}()
#18 /workspaces/vortice-pulse-app/vendor/laravel/framework/src/Illuminate/Routing/Router.php(807): Illuminate\\Pipeline\\Pipeline->then()
#19 /workspaces/vortice-pulse-app/vendor/laravel/framework/src/Illuminate/Routing/Router.php(786): Illuminate\\Routing\\Router->runRouteWithinStack()
#20 /workspaces/vortice-pulse-app/vendor/laravel/framework/src/Illuminate/Routing/Router.php(750): Illuminate\\Routing\\Router->runRoute()
#21 /workspaces/vortice-pulse-app/vendor/laravel/framework/src/Illuminate/Routing/Router.php(739): Illuminate\\Routing\\Router->dispatchToRoute()
#22 /workspaces/vortice-pulse-app/vendor/laravel/framework/src/Illuminate/Foundation/Http/Kernel.php(201): Illuminate\\Routing\\Router->dispatch()
#23 /workspaces/vortice-pulse-app/vendor/laravel/framework/src/Illuminate/Pipeline/Pipeline.php(170): Illuminate\\Foundation\\Http\\Kernel->Illuminate\\Foundation\\Http\\{closure}()
#24 /workspaces/vortice-pulse-app/vendor/laravel/framework/src/Illuminate/Foundation/Http/Middleware/TransformsRequest.php(21): Illuminate\\Pipeline\\Pipeline->Illuminate\\Pipeline\\{closure}()
#25 /workspaces/vortice-pulse-app/vendor/laravel/framework/src/Illuminate/Foundation/Http/Middleware/ConvertEmptyStringsToNull.php(31): Illuminate\\Foundation\\Http\\Middleware\\TransformsRequest->handle()
#26 /workspaces/vortice-pulse-app/vendor/laravel/framework/src/Illuminate/Pipeline/Pipeline.php(209): Illuminate\\Foundation\\Http\\Middleware\\ConvertEmptyStringsToNull->handle()
#27 /workspaces/vortice-pulse-app/vendor/laravel/framework/src/Illuminate/Foundation/Http/Middleware/TransformsRequest.php(21): Illuminate\\Pipeline\\Pipeline->Illuminate\\Pipeline\\{closure}()
#28 /workspaces/vortice-pulse-app/vendor/laravel/framework/src/Illuminate/Foundation/Http/Middleware/TrimStrings.php(51): Illuminate\\Foundation\\Http\\Middleware\\TransformsRequest->handle()
#29 /workspaces/vortice-pulse-app/vendor/laravel/framework/src/Illuminate/Pipeline/Pipeline.php(209): Illuminate\\Foundation\\Http\\Middleware\\TrimStrings->handle()
#30 /workspaces/vortice-pulse-app/vendor/laravel/framework/src/Illuminate/Http/Middleware/ValidatePostSize.php(27): Illuminate\\Pipeline\\Pipeline->Illuminate\\Pipeline\\{closure}()
#31 /workspaces/vortice-pulse-app/vendor/laravel/framework/src/Illuminate/Pipeline/Pipeline.php(209): Illuminate\\Http\\Middleware\\ValidatePostSize->handle()
#32 /workspaces/vortice-pulse-app/vendor/laravel/framework/src/Illuminate/Foundation/Http/Middleware/PreventRequestsDuringMaintenance.php(110): Illuminate\\Pipeline\\Pipeline->Illuminate\\Pipeline\\{closure}()
#33 /workspaces/vortice-pulse-app/vendor/laravel/framework/src/Illuminate/Pipeline/Pipeline.php(209): Illuminate\\Foundation\\Http\\Middleware\\PreventRequestsDuringMaintenance->handle()
#34 /workspaces/vortice-pulse-app/vendor/laravel/framework/src/Illuminate/Http/Middleware/HandleCors.php(49): Illuminate\\Pipeline\\Pipeline->Illuminate\\Pipeline\\{closure}()
#35 /workspaces/vortice-pulse-app/vendor/laravel/framework/src/Illuminate/Pipeline/Pipeline.php(209): Illuminate\\Http\\Middleware\\HandleCors->handle()
#36 /workspaces/vortice-pulse-app/vendor/laravel/framework/src/Illuminate/Http/Middleware/TrustProxies.php(58): Illuminate\\Pipeline\\Pipeline->Illuminate\\Pipeline\\{closure}()
#37 /workspaces/vortice-pulse-app/vendor/laravel/framework/src/Illuminate/Pipeline/Pipeline.php(209): Illuminate\\Http\\Middleware\\TrustProxies->handle()
#38 /workspaces/vortice-pulse-app/vendor/laravel/framework/src/Illuminate/Foundation/Http/Middleware/InvokeDeferredCallbacks.php(22): Illuminate\\Pipeline\\Pipeline->Illuminate\\Pipeline\\{closure}()
#39 /workspaces/vortice-pulse-app/vendor/laravel/framework/src/Illuminate/Pipeline/Pipeline.php(209): Illuminate\\Foundation\\Http\\Middleware\\InvokeDeferredCallbacks->handle()
#40 /workspaces/vortice-pulse-app/vendor/laravel/framework/src/Illuminate/Pipeline/Pipeline.php(127): Illuminate\\Pipeline\\Pipeline->Illuminate\\Pipeline\\{closure}()
#41 /workspaces/vortice-pulse-app/vendor/laravel/framework/src/Illuminate/Foundation/Http/Kernel.php(176): Illuminate\\Pipeline\\Pipeline->then()
#42 /workspaces/vortice-pulse-app/vendor/laravel/framework/src/Illuminate/Foundation/Http/Kernel.php(145): Illuminate\\Foundation\\Http\\Kernel->sendRequestThroughRouter()
#43 /workspaces/vortice-pulse-app/vendor/laravel/framework/src/Illuminate/Foundation/Application.php(1220): Illuminate\\Foundation\\Http\\Kernel->handle()
#44 /workspaces/vortice-pulse-app/public/index.php(17): Illuminate\\Foundation\\Application->handleRequest()
#45 /workspaces/vortice-pulse-app/vendor/laravel/framework/src/Illuminate/Foundation/resources/server.php(23): require_once('...')
#46 {main}
"} 
[2026-07-18 00:30:27] production.ERROR: Please provide a valid cache path. {"exception":"[object] (InvalidArgumentException(code: 0): Please provide a valid cache path. at /workspaces/vortice-pulse-app/vendor/laravel/framework/src/Illuminate/View/Compilers/Compiler.php:67)
[stacktrace]
#0 /workspaces/vortice-pulse-app/vendor/laravel/framework/src/Illuminate/View/ViewServiceProvider.php(97): Illuminate\\View\\Compilers\\Compiler->__construct()
#1 /workspaces/vortice-pulse-app/vendor/laravel/framework/src/Illuminate/Container/Container.php(952): Illuminate\\View\\ViewServiceProvider->Illuminate\\View\\{closure}()
#2 /workspaces/vortice-pulse-app/vendor/laravel/framework/src/Illuminate/Container/Container.php(832): Illuminate\\Container\\Container->build()
#3 /workspaces/vortice-pulse-app/vendor/laravel/framework/src/Illuminate/Foundation/Application.php(1078): Illuminate\\Container\\Container->resolve()
#4 /workspaces/vortice-pulse-app/vendor/laravel/framework/src/Illuminate/Container/Container.php(763): Illuminate\\Foundation\\Application->resolve()
#5 /workspaces/vortice-pulse-app/vendor/laravel/framework/src/Illuminate/Foundation/Application.php(1058): Illuminate\\Container\\Container->make()
#6 /workspaces/vortice-pulse-app/vendor/laravel/framework/src/Illuminate/View/ViewServiceProvider.php(168): Illuminate\\Foundation\\Application->make()
#7 [internal function]: Illuminate\\View\\ViewServiceProvider->Illuminate\\View\\{closure}()
#8 /workspaces/vortice-pulse-app/vendor/laravel/framework/src/Illuminate/View/Engines/EngineResolver.php(55): call_user_func()
#9 /workspaces/vortice-pulse-app/vendor/laravel/framework/src/Illuminate/View/Factory.php(326): Illuminate\\View\\Engines\\EngineResolver->resolve()
#10 /workspaces/vortice-pulse-app/vendor/laravel/framework/src/Illuminate/View/Factory.php(288): Illuminate\\View\\Factory->getEngineFromPath()
#11 /workspaces/vortice-pulse-app/vendor/laravel/framework/src/Illuminate/View/Factory.php(160): Illuminate\\View\\Factory->viewInstance()
#12 /workspaces/vortice-pulse-app/vendor/laravel/framework/src/Illuminate/Routing/ResponseFactory.php(90): Illuminate\\View\\Factory->make()
#13 /workspaces/vortice-pulse-app/vendor/laravel/framework/src/Illuminate/Foundation/Exceptions/Handler.php(894): Illuminate\\Routing\\ResponseFactory->view()
#14 /workspaces/vortice-pulse-app/vendor/laravel/framework/src/Illuminate/Foundation/Exceptions/Handler.php(815): Illuminate\\Foundation\\Exceptions\\Handler->renderHttpException()
#15 /workspaces/vortice-pulse-app/vendor/laravel/framework/src/Illuminate/Foundation/Exceptions/Handler.php(706): Illuminate\\Foundation\\Exceptions\\Handler->prepareResponse()
#16 /workspaces/vortice-pulse-app/vendor/laravel/framework/src/Illuminate/Foundation/Exceptions/Handler.php(594): Illuminate\\Foundation\\Exceptions\\Handler->renderExceptionResponse()
#17 /workspaces/vortice-pulse-app/vendor/laravel/framework/src/Illuminate/Routing/Pipeline.php(51): Illuminate\\Foundation\\Exceptions\\Handler->render()
#18 /workspaces/vortice-pulse-app/vendor/laravel/framework/src/Illuminate/Pipeline/Pipeline.php(214): Illuminate\\Routing\\Pipeline->handleException()
#19 /workspaces/vortice-pulse-app/vendor/laravel/framework/src/Illuminate/Pipeline/Pipeline.php(127): Illuminate\\Pipeline\\Pipeline->Illuminate\\Pipeline\\{closure}()
#20 /workspaces/vortice-pulse-app/vendor/laravel/framework/src/Illuminate/Routing/Router.php(807): Illuminate\\Pipeline\\Pipeline->then()
#21 /workspaces/vortice-pulse-app/vendor/laravel/framework/src/Illuminate/Routing/Router.php(786): Illuminate\\Routing\\Router->runRouteWithinStack()
#22 /workspaces/vortice-pulse-app/vendor/laravel/framework/src/Illuminate/Routing/Router.php(750): Illuminate\\Routing\\Router->runRoute()
#23 /workspaces/vortice-pulse-app/vendor/laravel/framework/src/Illuminate/Routing/Router.php(739): Illuminate\\Routing\\Router->dispatchToRoute()
#24 /workspaces/vortice-pulse-app/vendor/laravel/framework/src/Illuminate/Foundation/Http/Kernel.php(201): Illuminate\\Routing\\Router->dispatch()
#25 /workspaces/vortice-pulse-app/vendor/laravel/framework/src/Illuminate/Pipeline/Pipeline.php(170): Illuminate\\Foundation\\Http\\Kernel->Illuminate\\Foundation\\Http\\{closure}()
#26 /workspaces/vortice-pulse-app/vendor/laravel/framework/src/Illuminate/Foundation/Http/Middleware/TransformsRequest.php(21): Illuminate\\Pipeline\\Pipeline->Illuminate\\Pipeline\\{closure}()
#27 /workspaces/vortice-pulse-app/vendor/laravel/framework/src/Illuminate/Foundation/Http/Middleware/ConvertEmptyStringsToNull.php(31): Illuminate\\Foundation\\Http\\Middleware\\TransformsRequest->handle()
#28 /workspaces/vortice-pulse-app/vendor/laravel/framework/src/Illuminate/Pipeline/Pipeline.php(209): Illuminate\\Foundation\\Http\\Middleware\\ConvertEmptyStringsToNull->handle()
#29 /workspaces/vortice-pulse-app/vendor/laravel/framework/src/Illuminate/Foundation/Http/Middleware/TransformsRequest.php(21): Illuminate\\Pipeline\\Pipeline->Illuminate\\Pipeline\\{closure}()
#30 /workspaces/vortice-pulse-app/vendor/laravel/framework/src/Illuminate/Foundation/Http/Middleware/TrimStrings.php(51): Illuminate\\Foundation\\Http\\Middleware\\TransformsRequest->handle()
#31 /workspaces/vortice-pulse-app/vendor/laravel/framework/src/Illuminate/Pipeline/Pipeline.php(209): Illuminate\\Foundation\\Http\\Middleware\\TrimStrings->handle()
#32 /workspaces/vortice-pulse-app/vendor/laravel/framework/src/Illuminate/Http/Middleware/ValidatePostSize.php(27): Illuminate\\Pipeline\\Pipeline->Illuminate\\Pipeline\\{closure}()
#33 /workspaces/vortice-pulse-app/vendor/laravel/framework/src/Illuminate/Pipeline/Pipeline.php(209): Illuminate\\Http\\Middleware\\ValidatePostSize->handle()
#34 /workspaces/vortice-pulse-app/vendor/laravel/framework/src/Illuminate/Foundation/Http/Middleware/PreventRequestsDuringMaintenance.php(110): Illuminate\\Pipeline\\Pipeline->Illuminate\\Pipeline\\{closure}()
#35 /workspaces/vortice-pulse-app/vendor/laravel/framework/src/Illuminate/Pipeline/Pipeline.php(209): Illuminate\\Foundation\\Http\\Middleware\\PreventRequestsDuringMaintenance->handle()
#36 /workspaces/vortice-pulse-app/vendor/laravel/framework/src/Illuminate/Http/Middleware/HandleCors.php(49): Illuminate\\Pipeline\\Pipeline->Illuminate\\Pipeline\\{closure}()
#37 /workspaces/vortice-pulse-app/vendor/laravel/framework/src/Illuminate/Pipeline/Pipeline.php(209): Illuminate\\Http\\Middleware\\HandleCors->handle()
#38 /workspaces/vortice-pulse-app/vendor/laravel/framework/src/Illuminate/Http/Middleware/TrustProxies.php(58): Illuminate\\Pipeline\\Pipeline->Illuminate\\Pipeline\\{closure}()
#39 /workspaces/vortice-pulse-app/vendor/laravel/framework/src/Illuminate/Pipeline/Pipeline.php(209): Illuminate\\Http\\Middleware\\TrustProxies->handle()
#40 /workspaces/vortice-pulse-app/vendor/laravel/framework/src/Illuminate/Foundation/Http/Middleware/InvokeDeferredCallbacks.php(22): Illuminate\\Pipeline\\Pipeline->Illuminate\\Pipeline\\{closure}()
#41 /workspaces/vortice-pulse-app/vendor/laravel/framework/src/Illuminate/Pipeline/Pipeline.php(209): Illuminate\\Foundation\\Http\\Middleware\\InvokeDeferredCallbacks->handle()
#42 /workspaces/vortice-pulse-app/vendor/laravel/framework/src/Illuminate/Pipeline/Pipeline.php(127): Illuminate\\Pipeline\\Pipeline->Illuminate\\Pipeline\\{closure}()
#43 /workspaces/vortice-pulse-app/vendor/laravel/framework/src/Illuminate/Foundation/Http/Kernel.php(176): Illuminate\\Pipeline\\Pipeline->then()
#44 /workspaces/vortice-pulse-app/vendor/laravel/framework/src/Illuminate/Foundation/Http/Kernel.php(145): Illuminate\\Foundation\\Http\\Kernel->sendRequestThroughRouter()
#45 /workspaces/vortice-pulse-app/vendor/laravel/framework/src/Illuminate/Foundation/Application.php(1220): Illuminate\\Foundation\\Http\\Kernel->handle()
#46 /workspaces/vortice-pulse-app/public/index.php(17): Illuminate\\Foundation\\Application->handleRequest()
#47 /workspaces/vortice-pulse-app/vendor/laravel/framework/src/Illuminate/Foundation/resources/server.php(23): require_once('...')
#48 {main}
"} 
[2026-07-18 00:30:27] production.ERROR: No application encryption key has been specified. {"exception":"[object] (Illuminate\\Encryption\\MissingAppKeyException(code: 0): No application encryption key has been specified. at /workspaces/vortice-pulse-app/vendor/laravel/framework/src/Illuminate/Encryption/EncryptionServiceProvider.php:83)
[stacktrace]
#0 /workspaces/vortice-pulse-app/vendor/laravel/framework/src/Illuminate/Support/helpers.php(399): Illuminate\\Encryption\\EncryptionServiceProvider->Illuminate\\Encryption\\{closure}()
#1 /workspaces/vortice-pulse-app/vendor/laravel/framework/src/Illuminate/Encryption/EncryptionServiceProvider.php(81): tap()
#2 /workspaces/vortice-pulse-app/vendor/laravel/framework/src/Illuminate/Encryption/EncryptionServiceProvider.php(64): Illuminate\\Encryption\\EncryptionServiceProvider->key()
#3 /workspaces/vortice-pulse-app/vendor/laravel/framework/src/Illuminate/Encryption/EncryptionServiceProvider.php(32): Illuminate\\Encryption\\EncryptionServiceProvider->parseKey()
#4 /workspaces/vortice-pulse-app/vendor/laravel/framework/src/Illuminate/Container/Container.php(952): Illuminate\\Encryption\\EncryptionServiceProvider->Illuminate\\Encryption\\{closure}()
#5 /workspaces/vortice-pulse-app/vendor/laravel/framework/src/Illuminate/Container/Container.php(832): Illuminate\\Container\\Container->build()
#6 /workspaces/vortice-pulse-app/vendor/laravel/framework/src/Illuminate/Foundation/Application.php(1078): Illuminate\\Container\\Container->resolve()
#7 /workspaces/vortice-pulse-app/vendor/laravel/framework/src/Illuminate/Container/Container.php(763): Illuminate\\Foundation\\Application->resolve()
#8 /workspaces/vortice-pulse-app/vendor/laravel/framework/src/Illuminate/Foundation/Application.php(1058): Illuminate\\Container\\Container->make()
#9 /workspaces/vortice-pulse-app/vendor/laravel/framework/src/Illuminate/Container/Container.php(1133): Illuminate\\Foundation\\Application->make()
#10 /workspaces/vortice-pulse-app/vendor/laravel/framework/src/Illuminate/Container/Container.php(1043): Illuminate\\Container\\Container->resolveClass()
#11 /workspaces/vortice-pulse-app/vendor/laravel/framework/src/Illuminate/Container/Container.php(994): Illuminate\\Container\\Container->resolveDependencies()
#12 /workspaces/vortice-pulse-app/vendor/laravel/framework/src/Illuminate/Container/Container.php(832): Illuminate\\Container\\Container->build()
#13 /workspaces/vortice-pulse-app/vendor/laravel/framework/src/Illuminate/Foundation/Application.php(1078): Illuminate\\Container\\Container->resolve()
#14 /workspaces/vortice-pulse-app/vendor/laravel/framework/src/Illuminate/Container/Container.php(763): Illuminate\\Foundation\\Application->resolve()
#15 /workspaces/vortice-pulse-app/vendor/laravel/framework/src/Illuminate/Foundation/Application.php(1058): Illuminate\\Container\\Container->make()
#16 /workspaces/vortice-pulse-app/vendor/laravel/framework/src/Illuminate/Foundation/Http/Kernel.php(258): Illuminate\\Foundation\\Application->make()
#17 /workspaces/vortice-pulse-app/vendor/laravel/framework/src/Illuminate/Foundation/Http/Kernel.php(216): Illuminate\\Foundation\\Http\\Kernel->terminateMiddleware()
#18 /workspaces/vortice-pulse-app/vendor/laravel/framework/src/Illuminate/Foundation/Application.php(1222): Illuminate\\Foundation\\Http\\Kernel->terminate()
#19 /workspaces/vortice-pulse-app/public/index.php(17): Illuminate\\Foundation\\Application->handleRequest()
#20 /workspaces/vortice-pulse-app/vendor/laravel/framework/src/Illuminate/Foundation/resources/server.php(23): require_once('...')
#21 {main}
"} 
[2026-07-18 00:30:27] production.ERROR: Please provide a valid cache path. {"exception":"[object] (InvalidArgumentException(code: 0): Please provide a valid cache path. at /workspaces/vortice-pulse-app/vendor/laravel/framework/src/Illuminate/View/Compilers/Compiler.php:67)
[stacktrace]
#0 /workspaces/vortice-pulse-app/vendor/laravel/framework/src/Illuminate/View/ViewServiceProvider.php(97): Illuminate\\View\\Compilers\\Compiler->__construct()
#1 /workspaces/vortice-pulse-app/vendor/laravel/framework/src/Illuminate/Container/Container.php(952): Illuminate\\View\\ViewServiceProvider->Illuminate\\View\\{closure}()
#2 /workspaces/vortice-pulse-app/vendor/laravel/framework/src/Illuminate/Container/Container.php(832): Illuminate\\Container\\Container->build()
#3 /workspaces/vortice-pulse-app/vendor/laravel/framework/src/Illuminate/Foundation/Application.php(1078): Illuminate\\Container\\Container->resolve()
#4 /workspaces/vortice-pulse-app/vendor/laravel/framework/src/Illuminate/Container/Container.php(763): Illuminate\\Foundation\\Application->resolve()
#5 /workspaces/vortice-pulse-app/vendor/laravel/framework/src/Illuminate/Foundation/Application.php(1058): Illuminate\\Container\\Container->make()
#6 /workspaces/vortice-pulse-app/vendor/laravel/framework/src/Illuminate/View/ViewServiceProvider.php(168): Illuminate\\Foundation\\Application->make()
#7 [internal function]: Illuminate\\View\\ViewServiceProvider->Illuminate\\View\\{closure}()
#8 /workspaces/vortice-pulse-app/vendor/laravel/framework/src/Illuminate/View/Engines/EngineResolver.php(55): call_user_func()
#9 /workspaces/vortice-pulse-app/vendor/laravel/framework/src/Illuminate/View/Factory.php(319): Illuminate\\View\\Engines\\EngineResolver->resolve()
#10 /workspaces/vortice-pulse-app/vendor/laravel/framework/src/Illuminate/View/Factory.php(288): Illuminate\\View\\Factory->getEngineFromPath()
#11 /workspaces/vortice-pulse-app/vendor/laravel/framework/src/Illuminate/View/Factory.php(160): Illuminate\\View\\Factory->viewInstance()
#12 /workspaces/vortice-pulse-app/vendor/laravel/framework/src/Illuminate/Routing/ResponseFactory.php(90): Illuminate\\View\\Factory->make()
#13 /workspaces/vortice-pulse-app/vendor/laravel/framework/src/Illuminate/Foundation/Exceptions/Handler.php(894): Illuminate\\Routing\\ResponseFactory->view()
#14 /workspaces/vortice-pulse-app/vendor/laravel/framework/src/Illuminate/Foundation/Exceptions/Handler.php(815): Illuminate\\Foundation\\Exceptions\\Handler->renderHttpException()
#15 /workspaces/vortice-pulse-app/vendor/laravel/framework/src/Illuminate/Foundation/Exceptions/Handler.php(706): Illuminate\\Foundation\\Exceptions\\Handler->prepareResponse()
#16 /workspaces/vortice-pulse-app/vendor/laravel/framework/src/Illuminate/Foundation/Exceptions/Handler.php(594): Illuminate\\Foundation\\Exceptions\\Handler->renderExceptionResponse()
#17 /workspaces/vortice-pulse-app/vendor/laravel/framework/src/Illuminate/Foundation/Bootstrap/HandleExceptions.php(221): Illuminate\\Foundation\\Exceptions\\Handler->render()
#18 /workspaces/vortice-pulse-app/vendor/laravel/framework/src/Illuminate/Foundation/Bootstrap/HandleExceptions.php(198): Illuminate\\Foundation\\Bootstrap\\HandleExceptions->renderHttpResponse()
#19 /workspaces/vortice-pulse-app/vendor/laravel/framework/src/Illuminate/Foundation/Bootstrap/HandleExceptions.php(258): Illuminate\\Foundation\\Bootstrap\\HandleExceptions->handleException()
#20 [internal function]: Illuminate\\Foundation\\Bootstrap\\HandleExceptions->Illuminate\\Foundation\\Bootstrap\\{closure}()
#21 {main}
"} 
[2026-07-18 00:30:41] production.ERROR: Undefined constant "Laravel\Reverb\Servers\Reverb\Console\Commands\SIGINT" {"exception":"[object] (Error(code: 0): Undefined constant \"Laravel\\Reverb\\Servers\\Reverb\\Console\\Commands\\SIGINT\" at /workspaces/vortice-pulse-app/vendor/laravel/reverb/src/Servers/Reverb/Console/Commands/StartServer.php:173)
[stacktrace]
#0 /workspaces/vortice-pulse-app/vendor/symfony/console/Application.php(1031): Laravel\\Reverb\\Servers\\Reverb\\Console\\Commands\\StartServer->getSubscribedSignals()
#1 /workspaces/vortice-pulse-app/vendor/symfony/console/Application.php(356): Symfony\\Component\\Console\\Application->doRunCommand()
#2 /workspaces/vortice-pulse-app/vendor/symfony/console/Application.php(195): Symfony\\Component\\Console\\Application->doRun()
#3 /workspaces/vortice-pulse-app/vendor/laravel/framework/src/Illuminate/Foundation/Console/Kernel.php(198): Symfony\\Component\\Console\\Application->run()
#4 /workspaces/vortice-pulse-app/artisan(18): Illuminate\\Foundation\\Console\\Kernel->handle()
#5 {main}
"} 
[2026-07-18 00:31:55] production.ERROR: No application encryption key has been specified. {"exception":"[object] (Illuminate\\Encryption\\MissingAppKeyException(code: 0): No application encryption key has been specified. at /workspaces/vortice-pulse-app/vendor/laravel/framework/src/Illuminate/Encryption/EncryptionServiceProvider.php:83)
[stacktrace]
#0 /workspaces/vortice-pulse-app/vendor/laravel/framework/src/Illuminate/Support/helpers.php(399): Illuminate\\Encryption\\EncryptionServiceProvider->Illuminate\\Encryption\\{closure}()
#1 /workspaces/vortice-pulse-app/vendor/laravel/framework/src/Illuminate/Encryption/EncryptionServiceProvider.php(81): tap()
#2 /workspaces/vortice-pulse-app/vendor/laravel/framework/src/Illuminate/Encryption/EncryptionServiceProvider.php(64): Illuminate\\Encryption\\EncryptionServiceProvider->key()
#3 /workspaces/vortice-pulse-app/vendor/laravel/framework/src/Illuminate/Encryption/EncryptionServiceProvider.php(32): Illuminate\\Encryption\\EncryptionServiceProvider->parseKey()
#4 /workspaces/vortice-pulse-app/vendor/laravel/framework/src/Illuminate/Container/Container.php(952): Illuminate\\Encryption\\EncryptionServiceProvider->Illuminate\\Encryption\\{closure}()
#5 /workspaces/vortice-pulse-app/vendor/laravel/framework/src/Illuminate/Container/Container.php(832): Illuminate\\Container\\Container->build()
#6 /workspaces/vortice-pulse-app/vendor/laravel/framework/src/Illuminate/Foundation/Application.php(1078): Illuminate\\Container\\Container->resolve()
#7 /workspaces/vortice-pulse-app/vendor/laravel/framework/src/Illuminate/Container/Container.php(763): Illuminate\\Foundation\\Application->resolve()
#8 /workspaces/vortice-pulse-app/vendor/laravel/framework/src/Illuminate/Foundation/Application.php(1058): Illuminate\\Container\\Container->make()
#9 /workspaces/vortice-pulse-app/vendor/laravel/framework/src/Illuminate/Container/Container.php(1133): Illuminate\\Foundation\\Application->make()
#10 /workspaces/vortice-pulse-app/vendor/laravel/framework/src/Illuminate/Container/Container.php(1043): Illuminate\\Container\\Container->resolveClass()
#11 /workspaces/vortice-pulse-app/vendor/laravel/framework/src/Illuminate/Container/Container.php(994): Illuminate\\Container\\Container->resolveDependencies()
#12 /workspaces/vortice-pulse-app/vendor/laravel/framework/src/Illuminate/Container/Container.php(832): Illuminate\\Container\\Container->build()
#13 /workspaces/vortice-pulse-app/vendor/laravel/framework/src/Illuminate/Foundation/Application.php(1078): Illuminate\\Container\\Container->resolve()
#14 /workspaces/vortice-pulse-app/vendor/laravel/framework/src/Illuminate/Container/Container.php(763): Illuminate\\Foundation\\Application->resolve()
#15 /workspaces/vortice-pulse-app/vendor/laravel/framework/src/Illuminate/Foundation/Application.php(1058): Illuminate\\Container\\Container->make()
#16 /workspaces/vortice-pulse-app/vendor/laravel/framework/src/Illuminate/Pipeline/Pipeline.php(198): Illuminate\\Foundation\\Application->make()
#17 /workspaces/vortice-pulse-app/vendor/laravel/framework/src/Illuminate/Pipeline/Pipeline.php(127): Illuminate\\Pipeline\\Pipeline->Illuminate\\Pipeline\\{closure}()
#18 /workspaces/vortice-pulse-app/vendor/laravel/framework/src/Illuminate/Routing/Router.php(807): Illuminate\\Pipeline\\Pipeline->then()
#19 /workspaces/vortice-pulse-app/vendor/laravel/framework/src/Illuminate/Routing/Router.php(786): Illuminate\\Routing\\Router->runRouteWithinStack()
#20 /workspaces/vortice-pulse-app/vendor/laravel/framework/src/Illuminate/Routing/Router.php(750): Illuminate\\Routing\\Router->runRoute()
#21 /workspaces/vortice-pulse-app/vendor/laravel/framework/src/Illuminate/Routing/Router.php(739): Illuminate\\Routing\\Router->dispatchToRoute()
#22 /workspaces/vortice-pulse-app/vendor/laravel/framework/src/Illuminate/Foundation/Http/Kernel.php(201): Illuminate\\Routing\\Router->dispatch()
#23 /workspaces/vortice-pulse-app/vendor/laravel/framework/src/Illuminate/Pipeline/Pipeline.php(170): Illuminate\\Foundation\\Http\\Kernel->Illuminate\\Foundation\\Http\\{closure}()
#24 /workspaces/vortice-pulse-app/vendor/laravel/framework/src/Illuminate/Foundation/Http/Middleware/TransformsRequest.php(21): Illuminate\\Pipeline\\Pipeline->Illuminate\\Pipeline\\{closure}()
#25 /workspaces/vortice-pulse-app/vendor/laravel/framework/src/Illuminate/Foundation/Http/Middleware/ConvertEmptyStringsToNull.php(31): Illuminate\\Foundation\\Http\\Middleware\\TransformsRequest->handle()
#26 /workspaces/vortice-pulse-app/vendor/laravel/framework/src/Illuminate/Pipeline/Pipeline.php(209): Illuminate\\Foundation\\Http\\Middleware\\ConvertEmptyStringsToNull->handle()
#27 /workspaces/vortice-pulse-app/vendor/laravel/framework/src/Illuminate/Foundation/Http/Middleware/TransformsRequest.php(21): Illuminate\\Pipeline\\Pipeline->Illuminate\\Pipeline\\{closure}()
#28 /workspaces/vortice-pulse-app/vendor/laravel/framework/src/Illuminate/Foundation/Http/Middleware/TrimStrings.php(51): Illuminate\\Foundation\\Http\\Middleware\\TransformsRequest->handle()
#29 /workspaces/vortice-pulse-app/vendor/laravel/framework/src/Illuminate/Pipeline/Pipeline.php(209): Illuminate\\Foundation\\Http\\Middleware\\TrimStrings->handle()
#30 /workspaces/vortice-pulse-app/vendor/laravel/framework/src/Illuminate/Http/Middleware/ValidatePostSize.php(27): Illuminate\\Pipeline\\Pipeline->Illuminate\\Pipeline\\{closure}()
#31 /workspaces/vortice-pulse-app/vendor/laravel/framework/src/Illuminate/Pipeline/Pipeline.php(209): Illuminate\\Http\\Middleware\\ValidatePostSize->handle()
#32 /workspaces/vortice-pulse-app/vendor/laravel/framework/src/Illuminate/Foundation/Http/Middleware/PreventRequestsDuringMaintenance.php(110): Illuminate\\Pipeline\\Pipeline->Illuminate\\Pipeline\\{closure}()
#33 /workspaces/vortice-pulse-app/vendor/laravel/framework/src/Illuminate/Pipeline/Pipeline.php(209): Illuminate\\Foundation\\Http\\Middleware\\PreventRequestsDuringMaintenance->handle()
#34 /workspaces/vortice-pulse-app/vendor/laravel/framework/src/Illuminate/Http/Middleware/HandleCors.php(49): Illuminate\\Pipeline\\Pipeline->Illuminate\\Pipeline\\{closure}()
#35 /workspaces/vortice-pulse-app/vendor/laravel/framework/src/Illuminate/Pipeline/Pipeline.php(209): Illuminate\\Http\\Middleware\\HandleCors->handle()
#36 /workspaces/vortice-pulse-app/vendor/laravel/framework/src/Illuminate/Http/Middleware/TrustProxies.php(58): Illuminate\\Pipeline\\Pipeline->Illuminate\\Pipeline\\{closure}()
#37 /workspaces/vortice-pulse-app/vendor/laravel/framework/src/Illuminate/Pipeline/Pipeline.php(209): Illuminate\\Http\\Middleware\\TrustProxies->handle()
#38 /workspaces/vortice-pulse-app/vendor/laravel/framework/src/Illuminate/Foundation/Http/Middleware/InvokeDeferredCallbacks.php(22): Illuminate\\Pipeline\\Pipeline->Illuminate\\Pipeline\\{closure}()
#39 /workspaces/vortice-pulse-app/vendor/laravel/framework/src/Illuminate/Pipeline/Pipeline.php(209): Illuminate\\Foundation\\Http\\Middleware\\InvokeDeferredCallbacks->handle()
#40 /workspaces/vortice-pulse-app/vendor/laravel/framework/src/Illuminate/Pipeline/Pipeline.php(127): Illuminate\\Pipeline\\Pipeline->Illuminate\\Pipeline\\{closure}()
#41 /workspaces/vortice-pulse-app/vendor/laravel/framework/src/Illuminate/Foundation/Http/Kernel.php(176): Illuminate\\Pipeline\\Pipeline->then()
#42 /workspaces/vortice-pulse-app/vendor/laravel/framework/src/Illuminate/Foundation/Http/Kernel.php(145): Illuminate\\Foundation\\Http\\Kernel->sendRequestThroughRouter()
#43 /workspaces/vortice-pulse-app/vendor/laravel/framework/src/Illuminate/Foundation/Application.php(1220): Illuminate\\Foundation\\Http\\Kernel->handle()
#44 /workspaces/vortice-pulse-app/public/index.php(17): Illuminate\\Foundation\\Application->handleRequest()
#45 /workspaces/vortice-pulse-app/vendor/laravel/framework/src/Illuminate/Foundation/resources/server.php(23): require_once('...')
#46 {main}
"} 
[2026-07-18 00:31:55] production.ERROR: Please provide a valid cache path. {"exception":"[object] (InvalidArgumentException(code: 0): Please provide a valid cache path. at /workspaces/vortice-pulse-app/vendor/laravel/framework/src/Illuminate/View/Compilers/Compiler.php:67)
[stacktrace]
#0 /workspaces/vortice-pulse-app/vendor/laravel/framework/src/Illuminate/View/ViewServiceProvider.php(97): Illuminate\\View\\Compilers\\Compiler->__construct()
#1 /workspaces/vortice-pulse-app/vendor/laravel/framework/src/Illuminate/Container/Container.php(952): Illuminate\\View\\ViewServiceProvider->Illuminate\\View\\{closure}()
#2 /workspaces/vortice-pulse-app/vendor/laravel/framework/src/Illuminate/Container/Container.php(832): Illuminate\\Container\\Container->build()
#3 /workspaces/vortice-pulse-app/vendor/laravel/framework/src/Illuminate/Foundation/Application.php(1078): Illuminate\\Container\\Container->resolve()
#4 /workspaces/vortice-pulse-app/vendor/laravel/framework/src/Illuminate/Container/Container.php(763): Illuminate\\Foundation\\Application->resolve()
#5 /workspaces/vortice-pulse-app/vendor/laravel/framework/src/Illuminate/Foundation/Application.php(1058): Illuminate\\Container\\Container->make()
#6 /workspaces/vortice-pulse-app/vendor/laravel/framework/src/Illuminate/View/ViewServiceProvider.php(168): Illuminate\\Foundation\\Application->make()
#7 [internal function]: Illuminate\\View\\ViewServiceProvider->Illuminate\\View\\{closure}()
#8 /workspaces/vortice-pulse-app/vendor/laravel/framework/src/Illuminate/View/Engines/EngineResolver.php(55): call_user_func()
#9 /workspaces/vortice-pulse-app/vendor/laravel/framework/src/Illuminate/View/Factory.php(326): Illuminate\\View\\Engines\\EngineResolver->resolve()
#10 /workspaces/vortice-pulse-app/vendor/laravel/framework/src/Illuminate/View/Factory.php(288): Illuminate\\View\\Factory->getEngineFromPath()
#11 /workspaces/vortice-pulse-app/vendor/laravel/framework/src/Illuminate/View/Factory.php(160): Illuminate\\View\\Factory->viewInstance()
#12 /workspaces/vortice-pulse-app/vendor/laravel/framework/src/Illuminate/Routing/ResponseFactory.php(90): Illuminate\\View\\Factory->make()
#13 /workspaces/vortice-pulse-app/vendor/laravel/framework/src/Illuminate/Foundation/Exceptions/Handler.php(894): Illuminate\\Routing\\ResponseFactory->view()
#14 /workspaces/vortice-pulse-app/vendor/laravel/framework/src/Illuminate/Foundation/Exceptions/Handler.php(815): Illuminate\\Foundation\\Exceptions\\Handler->renderHttpException()
#15 /workspaces/vortice-pulse-app/vendor/laravel/framework/src/Illuminate/Foundation/Exceptions/Handler.php(706): Illuminate\\Foundation\\Exceptions\\Handler->prepareResponse()
#16 /workspaces/vortice-pulse-app/vendor/laravel/framework/src/Illuminate/Foundation/Exceptions/Handler.php(594): Illuminate\\Foundation\\Exceptions\\Handler->renderExceptionResponse()
#17 /workspaces/vortice-pulse-app/vendor/laravel/framework/src/Illuminate/Routing/Pipeline.php(51): Illuminate\\Foundation\\Exceptions\\Handler->render()
#18 /workspaces/vortice-pulse-app/vendor/laravel/framework/src/Illuminate/Pipeline/Pipeline.php(214): Illuminate\\Routing\\Pipeline->handleException()
#19 /workspaces/vortice-pulse-app/vendor/laravel/framework/src/Illuminate/Pipeline/Pipeline.php(127): Illuminate\\Pipeline\\Pipeline->Illuminate\\Pipeline\\{closure}()
#20 /workspaces/vortice-pulse-app/vendor/laravel/framework/src/Illuminate/Routing/Router.php(807): Illuminate\\Pipeline\\Pipeline->then()
#21 /workspaces/vortice-pulse-app/vendor/laravel/framework/src/Illuminate/Routing/Router.php(786): Illuminate\\Routing\\Router->runRouteWithinStack()
#22 /workspaces/vortice-pulse-app/vendor/laravel/framework/src/Illuminate/Routing/Router.php(750): Illuminate\\Routing\\Router->runRoute()
#23 /workspaces/vortice-pulse-app/vendor/laravel/framework/src/Illuminate/Routing/Router.php(739): Illuminate\\Routing\\Router->dispatchToRoute()
#24 /workspaces/vortice-pulse-app/vendor/laravel/framework/src/Illuminate/Foundation/Http/Kernel.php(201): Illuminate\\Routing\\Router->dispatch()
#25 /workspaces/vortice-pulse-app/vendor/laravel/framework/src/Illuminate/Pipeline/Pipeline.php(170): Illuminate\\Foundation\\Http\\Kernel->Illuminate\\Foundation\\Http\\{closure}()
#26 /workspaces/vortice-pulse-app/vendor/laravel/framework/src/Illuminate/Foundation/Http/Middleware/TransformsRequest.php(21): Illuminate\\Pipeline\\Pipeline->Illuminate\\Pipeline\\{closure}()
#27 /workspaces/vortice-pulse-app/vendor/laravel/framework/src/Illuminate/Foundation/Http/Middleware/ConvertEmptyStringsToNull.php(31): Illuminate\\Foundation\\Http\\Middleware\\TransformsRequest->handle()
#28 /workspaces/vortice-pulse-app/vendor/laravel/framework/src/Illuminate/Pipeline/Pipeline.php(209): Illuminate\\Foundation\\Http\\Middleware\\ConvertEmptyStringsToNull->handle()
#29 /workspaces/vortice-pulse-app/vendor/laravel/framework/src/Illuminate/Foundation/Http/Middleware/TransformsRequest.php(21): Illuminate\\Pipeline\\Pipeline->Illuminate\\Pipeline\\{closure}()
#30 /workspaces/vortice-pulse-app/vendor/laravel/framework/src/Illuminate/Foundation/Http/Middleware/TrimStrings.php(51): Illuminate\\Foundation\\Http\\Middleware\\TransformsRequest->handle()
#31 /workspaces/vortice-pulse-app/vendor/laravel/framework/src/Illuminate/Pipeline/Pipeline.php(209): Illuminate\\Foundation\\Http\\Middleware\\TrimStrings->handle()
#32 /workspaces/vortice-pulse-app/vendor/laravel/framework/src/Illuminate/Http/Middleware/ValidatePostSize.php(27): Illuminate\\Pipeline\\Pipeline->Illuminate\\Pipeline\\{closure}()
#33 /workspaces/vortice-pulse-app/vendor/laravel/framework/src/Illuminate/Pipeline/Pipeline.php(209): Illuminate\\Http\\Middleware\\ValidatePostSize->handle()
#34 /workspaces/vortice-pulse-app/vendor/laravel/framework/src/Illuminate/Foundation/Http/Middleware/PreventRequestsDuringMaintenance.php(110): Illuminate\\Pipeline\\Pipeline->Illuminate\\Pipeline\\{closure}()
#35 /workspaces/vortice-pulse-app/vendor/laravel/framework/src/Illuminate/Pipeline/Pipeline.php(209): Illuminate\\Foundation\\Http\\Middleware\\PreventRequestsDuringMaintenance->handle()
#36 /workspaces/vortice-pulse-app/vendor/laravel/framework/src/Illuminate/Http/Middleware/HandleCors.php(49): Illuminate\\Pipeline\\Pipeline->Illuminate\\Pipeline\\{closure}()
#37 /workspaces/vortice-pulse-app/vendor/laravel/framework/src/Illuminate/Pipeline/Pipeline.php(209): Illuminate\\Http\\Middleware\\HandleCors->handle()
#38 /workspaces/vortice-pulse-app/vendor/laravel/framework/src/Illuminate/Http/Middleware/TrustProxies.php(58): Illuminate\\Pipeline\\Pipeline->Illuminate\\Pipeline\\{closure}()
#39 /workspaces/vortice-pulse-app/vendor/laravel/framework/src/Illuminate/Pipeline/Pipeline.php(209): Illuminate\\Http\\Middleware\\TrustProxies->handle()
#40 /workspaces/vortice-pulse-app/vendor/laravel/framework/src/Illuminate/Foundation/Http/Middleware/InvokeDeferredCallbacks.php(22): Illuminate\\Pipeline\\Pipeline->Illuminate\\Pipeline\\{closure}()
#41 /workspaces/vortice-pulse-app/vendor/laravel/framework/src/Illuminate/Pipeline/Pipeline.php(209): Illuminate\\Foundation\\Http\\Middleware\\InvokeDeferredCallbacks->handle()
#42 /workspaces/vortice-pulse-app/vendor/laravel/framework/src/Illuminate/Pipeline/Pipeline.php(127): Illuminate\\Pipeline\\Pipeline->Illuminate\\Pipeline\\{closure}()
#43 /workspaces/vortice-pulse-app/vendor/laravel/framework/src/Illuminate/Foundation/Http/Kernel.php(176): Illuminate\\Pipeline\\Pipeline->then()
#44 /workspaces/vortice-pulse-app/vendor/laravel/framework/src/Illuminate/Foundation/Http/Kernel.php(145): Illuminate\\Foundation\\Http\\Kernel->sendRequestThroughRouter()
#45 /workspaces/vortice-pulse-app/vendor/laravel/framework/src/Illuminate/Foundation/Application.php(1220): Illuminate\\Foundation\\Http\\Kernel->handle()
#46 /workspaces/vortice-pulse-app/public/index.php(17): Illuminate\\Foundation\\Application->handleRequest()
#47 /workspaces/vortice-pulse-app/vendor/laravel/framework/src/Illuminate/Foundation/resources/server.php(23): require_once('...')
#48 {main}
"} 
[2026-07-18 00:31:55] production.ERROR: No application encryption key has been specified. {"exception":"[object] (Illuminate\\Encryption\\MissingAppKeyException(code: 0): No application encryption key has been specified. at /workspaces/vortice-pulse-app/vendor/laravel/framework/src/Illuminate/Encryption/EncryptionServiceProvider.php:83)
[stacktrace]
#0 /workspaces/vortice-pulse-app/vendor/laravel/framework/src/Illuminate/Support/helpers.php(399): Illuminate\\Encryption\\EncryptionServiceProvider->Illuminate\\Encryption\\{closure}()
#1 /workspaces/vortice-pulse-app/vendor/laravel/framework/src/Illuminate/Encryption/EncryptionServiceProvider.php(81): tap()
#2 /workspaces/vortice-pulse-app/vendor/laravel/framework/src/Illuminate/Encryption/EncryptionServiceProvider.php(64): Illuminate\\Encryption\\EncryptionServiceProvider->key()
#3 /workspaces/vortice-pulse-app/vendor/laravel/framework/src/Illuminate/Encryption/EncryptionServiceProvider.php(32): Illuminate\\Encryption\\EncryptionServiceProvider->parseKey()
#4 /workspaces/vortice-pulse-app/vendor/laravel/framework/src/Illuminate/Container/Container.php(952): Illuminate\\Encryption\\EncryptionServiceProvider->Illuminate\\Encryption\\{closure}()
#5 /workspaces/vortice-pulse-app/vendor/laravel/framework/src/Illuminate/Container/Container.php(832): Illuminate\\Container\\Container->build()
#6 /workspaces/vortice-pulse-app/vendor/laravel/framework/src/Illuminate/Foundation/Application.php(1078): Illuminate\\Container\\Container->resolve()
#7 /workspaces/vortice-pulse-app/vendor/laravel/framework/src/Illuminate/Container/Container.php(763): Illuminate\\Foundation\\Application->resolve()
#8 /workspaces/vortice-pulse-app/vendor/laravel/framework/src/Illuminate/Foundation/Application.php(1058): Illuminate\\Container\\Container->make()
#9 /workspaces/vortice-pulse-app/vendor/laravel/framework/src/Illuminate/Container/Container.php(1133): Illuminate\\Foundation\\Application->make()
#10 /workspaces/vortice-pulse-app/vendor/laravel/framework/src/Illuminate/Container/Container.php(1043): Illuminate\\Container\\Container->resolveClass()
#11 /workspaces/vortice-pulse-app/vendor/laravel/framework/src/Illuminate/Container/Container.php(994): Illuminate\\Container\\Container->resolveDependencies()
#12 /workspaces/vortice-pulse-app/vendor/laravel/framework/src/Illuminate/Container/Container.php(832): Illuminate\\Container\\Container->build()
#13 /workspaces/vortice-pulse-app/vendor/laravel/framework/src/Illuminate/Foundation/Application.php(1078): Illuminate\\Container\\Container->resolve()
#14 /workspaces/vortice-pulse-app/vendor/laravel/framework/src/Illuminate/Container/Container.php(763): Illuminate\\Foundation\\Application->resolve()
#15 /workspaces/vortice-pulse-app/vendor/laravel/framework/src/Illuminate/Foundation/Application.php(1058): Illuminate\\Container\\Container->make()
#16 /workspaces/vortice-pulse-app/vendor/laravel/framework/src/Illuminate/Foundation/Http/Kernel.php(258): Illuminate\\Foundation\\Application->make()
#17 /workspaces/vortice-pulse-app/vendor/laravel/framework/src/Illuminate/Foundation/Http/Kernel.php(216): Illuminate\\Foundation\\Http\\Kernel->terminateMiddleware()
#18 /workspaces/vortice-pulse-app/vendor/laravel/framework/src/Illuminate/Foundation/Application.php(1222): Illuminate\\Foundation\\Http\\Kernel->terminate()
#19 /workspaces/vortice-pulse-app/public/index.php(17): Illuminate\\Foundation\\Application->handleRequest()
#20 /workspaces/vortice-pulse-app/vendor/laravel/framework/src/Illuminate/Foundation/resources/server.php(23): require_once('...')
#21 {main}
"} 
[2026-07-18 00:31:55] production.ERROR: Please provide a valid cache path. {"exception":"[object] (InvalidArgumentException(code: 0): Please provide a valid cache path. at /workspaces/vortice-pulse-app/vendor/laravel/framework/src/Illuminate/View/Compilers/Compiler.php:67)
[stacktrace]
#0 /workspaces/vortice-pulse-app/vendor/laravel/framework/src/Illuminate/View/ViewServiceProvider.php(97): Illuminate\\View\\Compilers\\Compiler->__construct()
#1 /workspaces/vortice-pulse-app/vendor/laravel/framework/src/Illuminate/Container/Container.php(952): Illuminate\\View\\ViewServiceProvider->Illuminate\\View\\{closure}()
#2 /workspaces/vortice-pulse-app/vendor/laravel/framework/src/Illuminate/Container/Container.php(832): Illuminate\\Container\\Container->build()
#3 /workspaces/vortice-pulse-app/vendor/laravel/framework/src/Illuminate/Foundation/Application.php(1078): Illuminate\\Container\\Container->resolve()
#4 /workspaces/vortice-pulse-app/vendor/laravel/framework/src/Illuminate/Container/Container.php(763): Illuminate\\Foundation\\Application->resolve()
#5 /workspaces/vortice-pulse-app/vendor/laravel/framework/src/Illuminate/Foundation/Application.php(1058): Illuminate\\Container\\Container->make()
#6 /workspaces/vortice-pulse-app/vendor/laravel/framework/src/Illuminate/View/ViewServiceProvider.php(168): Illuminate\\Foundation\\Application->make()
#7 [internal function]: Illuminate\\View\\ViewServiceProvider->Illuminate\\View\\{closure}()
#8 /workspaces/vortice-pulse-app/vendor/laravel/framework/src/Illuminate/View/Engines/EngineResolver.php(55): call_user_func()
#9 /workspaces/vortice-pulse-app/vendor/laravel/framework/src/Illuminate/View/Factory.php(319): Illuminate\\View\\Engines\\EngineResolver->resolve()
#10 /workspaces/vortice-pulse-app/vendor/laravel/framework/src/Illuminate/View/Factory.php(288): Illuminate\\View\\Factory->getEngineFromPath()
#11 /workspaces/vortice-pulse-app/vendor/laravel/framework/src/Illuminate/View/Factory.php(160): Illuminate\\View\\Factory->viewInstance()
#12 /workspaces/vortice-pulse-app/vendor/laravel/framework/src/Illuminate/Routing/ResponseFactory.php(90): Illuminate\\View\\Factory->make()
#13 /workspaces/vortice-pulse-app/vendor/laravel/framework/src/Illuminate/Foundation/Exceptions/Handler.php(894): Illuminate\\Routing\\ResponseFactory->view()
#14 /workspaces/vortice-pulse-app/vendor/laravel/framework/src/Illuminate/Foundation/Exceptions/Handler.php(815): Illuminate\\Foundation\\Exceptions\\Handler->renderHttpException()
#15 /workspaces/vortice-pulse-app/vendor/laravel/framework/src/Illuminate/Foundation/Exceptions/Handler.php(706): Illuminate\\Foundation\\Exceptions\\Handler->prepareResponse()
#16 /workspaces/vortice-pulse-app/vendor/laravel/framework/src/Illuminate/Foundation/Exceptions/Handler.php(594): Illuminate\\Foundation\\Exceptions\\Handler->renderExceptionResponse()
#17 /workspaces/vortice-pulse-app/vendor/laravel/framework/src/Illuminate/Foundation/Bootstrap/HandleExceptions.php(221): Illuminate\\Foundation\\Exceptions\\Handler->render()
#18 /workspaces/vortice-pulse-app/vendor/laravel/framework/src/Illuminate/Foundation/Bootstrap/HandleExceptions.php(198): Illuminate\\Foundation\\Bootstrap\\HandleExceptions->renderHttpResponse()
#19 /workspaces/vortice-pulse-app/vendor/laravel/framework/src/Illuminate/Foundation/Bootstrap/HandleExceptions.php(258): Illuminate\\Foundation\\Bootstrap\\HandleExceptions->handleException()
#20 [internal function]: Illuminate\\Foundation\\Bootstrap\\HandleExceptions->Illuminate\\Foundation\\Bootstrap\\{closure}()
#21 {main}
"} 
[2026-07-18 00:31:56] production.ERROR: No application encryption key has been specified. {"exception":"[object] (Illuminate\\Encryption\\MissingAppKeyException(code: 0): No application encryption key has been specified. at /workspaces/vortice-pulse-app/vendor/laravel/framework/src/Illuminate/Encryption/EncryptionServiceProvider.php:83)
[stacktrace]
#0 /workspaces/vortice-pulse-app/vendor/laravel/framework/src/Illuminate/Support/helpers.php(399): Illuminate\\Encryption\\EncryptionServiceProvider->Illuminate\\Encryption\\{closure}()
#1 /workspaces/vortice-pulse-app/vendor/laravel/framework/src/Illuminate/Encryption/EncryptionServiceProvider.php(81): tap()
#2 /workspaces/vortice-pulse-app/vendor/laravel/framework/src/Illuminate/Encryption/EncryptionServiceProvider.php(64): Illuminate\\Encryption\\EncryptionServiceProvider->key()
#3 /workspaces/vortice-pulse-app/vendor/laravel/framework/src/Illuminate/Encryption/EncryptionServiceProvider.php(32): Illuminate\\Encryption\\EncryptionServiceProvider->parseKey()
#4 /workspaces/vortice-pulse-app/vendor/laravel/framework/src/Illuminate/Container/Container.php(952): Illuminate\\Encryption\\EncryptionServiceProvider->Illuminate\\Encryption\\{closure}()
#5 /workspaces/vortice-pulse-app/vendor/laravel/framework/src/Illuminate/Container/Container.php(832): Illuminate\\Container\\Container->build()
#6 /workspaces/vortice-pulse-app/vendor/laravel/framework/src/Illuminate/Foundation/Application.php(1078): Illuminate\\Container\\Container->resolve()
#7 /workspaces/vortice-pulse-app/vendor/laravel/framework/src/Illuminate/Container/Container.php(763): Illuminate\\Foundation\\Application->resolve()
#8 /workspaces/vortice-pulse-app/vendor/laravel/framework/src/Illuminate/Foundation/Application.php(1058): Illuminate\\Container\\Container->make()
#9 /workspaces/vortice-pulse-app/vendor/laravel/framework/src/Illuminate/Container/Container.php(1133): Illuminate\\Foundation\\Application->make()
#10 /workspaces/vortice-pulse-app/vendor/laravel/framework/src/Illuminate/Container/Container.php(1043): Illuminate\\Container\\Container->resolveClass()
#11 /workspaces/vortice-pulse-app/vendor/laravel/framework/src/Illuminate/Container/Container.php(994): Illuminate\\Container\\Container->resolveDependencies()
#12 /workspaces/vortice-pulse-app/vendor/laravel/framework/src/Illuminate/Container/Container.php(832): Illuminate\\Container\\Container->build()
#13 /workspaces/vortice-pulse-app/vendor/laravel/framework/src/Illuminate/Foundation/Application.php(1078): Illuminate\\Container\\Container->resolve()
#14 /workspaces/vortice-pulse-app/vendor/laravel/framework/src/Illuminate/Container/Container.php(763): Illuminate\\Foundation\\Application->resolve()
#15 /workspaces/vortice-pulse-app/vendor/laravel/framework/src/Illuminate/Foundation/Application.php(1058): Illuminate\\Container\\Container->make()
#16 /workspaces/vortice-pulse-app/vendor/laravel/framework/src/Illuminate/Pipeline/Pipeline.php(198): Illuminate\\Foundation\\Application->make()
#17 /workspaces/vortice-pulse-app/vendor/laravel/framework/src/Illuminate/Pipeline/Pipeline.php(127): Illuminate\\Pipeline\\Pipeline->Illuminate\\Pipeline\\{closure}()
#18 /workspaces/vortice-pulse-app/vendor/laravel/framework/src/Illuminate/Routing/Router.php(807): Illuminate\\Pipeline\\Pipeline->then()
#19 /workspaces/vortice-pulse-app/vendor/laravel/framework/src/Illuminate/Routing/Router.php(786): Illuminate\\Routing\\Router->runRouteWithinStack()
#20 /workspaces/vortice-pulse-app/vendor/laravel/framework/src/Illuminate/Routing/Router.php(750): Illuminate\\Routing\\Router->runRoute()
#21 /workspaces/vortice-pulse-app/vendor/laravel/framework/src/Illuminate/Routing/Router.php(739): Illuminate\\Routing\\Router->dispatchToRoute()
#22 /workspaces/vortice-pulse-app/vendor/laravel/framework/src/Illuminate/Foundation/Http/Kernel.php(201): Illuminate\\Routing\\Router->dispatch()
#23 /workspaces/vortice-pulse-app/vendor/laravel/framework/src/Illuminate/Pipeline/Pipeline.php(170): Illuminate\\Foundation\\Http\\Kernel->Illuminate\\Foundation\\Http\\{closure}()
#24 /workspaces/vortice-pulse-app/vendor/laravel/framework/src/Illuminate/Foundation/Http/Middleware/TransformsRequest.php(21): Illuminate\\Pipeline\\Pipeline->Illuminate\\Pipeline\\{closure}()
#25 /workspaces/vortice-pulse-app/vendor/laravel/framework/src/Illuminate/Foundation/Http/Middleware/ConvertEmptyStringsToNull.php(31): Illuminate\\Foundation\\Http\\Middleware\\TransformsRequest->handle()
#26 /workspaces/vortice-pulse-app/vendor/laravel/framework/src/Illuminate/Pipeline/Pipeline.php(209): Illuminate\\Foundation\\Http\\Middleware\\ConvertEmptyStringsToNull->handle()
#27 /workspaces/vortice-pulse-app/vendor/laravel/framework/src/Illuminate/Foundation/Http/Middleware/TransformsRequest.php(21): Illuminate\\Pipeline\\Pipeline->Illuminate\\Pipeline\\{closure}()
#28 /workspaces/vortice-pulse-app/vendor/laravel/framework/src/Illuminate/Foundation/Http/Middleware/TrimStrings.php(51): Illuminate\\Foundation\\Http\\Middleware\\TransformsRequest->handle()
#29 /workspaces/vortice-pulse-app/vendor/laravel/framework/src/Illuminate/Pipeline/Pipeline.php(209): Illuminate\\Foundation\\Http\\Middleware\\TrimStrings->handle()
#30 /workspaces/vortice-pulse-app/vendor/laravel/framework/src/Illuminate/Http/Middleware/ValidatePostSize.php(27): Illuminate\\Pipeline\\Pipeline->Illuminate\\Pipeline\\{closure}()
#31 /workspaces/vortice-pulse-app/vendor/laravel/framework/src/Illuminate/Pipeline/Pipeline.php(209): Illuminate\\Http\\Middleware\\ValidatePostSize->handle()
#32 /workspaces/vortice-pulse-app/vendor/laravel/framework/src/Illuminate/Foundation/Http/Middleware/PreventRequestsDuringMaintenance.php(110): Illuminate\\Pipeline\\Pipeline->Illuminate\\Pipeline\\{closure}()
#33 /workspaces/vortice-pulse-app/vendor/laravel/framework/src/Illuminate/Pipeline/Pipeline.php(209): Illuminate\\Foundation\\Http\\Middleware\\PreventRequestsDuringMaintenance->handle()
#34 /workspaces/vortice-pulse-app/vendor/laravel/framework/src/Illuminate/Http/Middleware/HandleCors.php(49): Illuminate\\Pipeline\\Pipeline->Illuminate\\Pipeline\\{closure}()
#35 /workspaces/vortice-pulse-app/vendor/laravel/framework/src/Illuminate/Pipeline/Pipeline.php(209): Illuminate\\Http\\Middleware\\HandleCors->handle()
#36 /workspaces/vortice-pulse-app/vendor/laravel/framework/src/Illuminate/Http/Middleware/TrustProxies.php(58): Illuminate\\Pipeline\\Pipeline->Illuminate\\Pipeline\\{closure}()
#37 /workspaces/vortice-pulse-app/vendor/laravel/framework/src/Illuminate/Pipeline/Pipeline.php(209): Illuminate\\Http\\Middleware\\TrustProxies->handle()
#38 /workspaces/vortice-pulse-app/vendor/laravel/framework/src/Illuminate/Foundation/Http/Middleware/InvokeDeferredCallbacks.php(22): Illuminate\\Pipeline\\Pipeline->Illuminate\\Pipeline\\{closure}()
#39 /workspaces/vortice-pulse-app/vendor/laravel/framework/src/Illuminate/Pipeline/Pipeline.php(209): Illuminate\\Foundation\\Http\\Middleware\\InvokeDeferredCallbacks->handle()
#40 /workspaces/vortice-pulse-app/vendor/laravel/framework/src/Illuminate/Pipeline/Pipeline.php(127): Illuminate\\Pipeline\\Pipeline->Illuminate\\Pipeline\\{closure}()
#41 /workspaces/vortice-pulse-app/vendor/laravel/framework/src/Illuminate/Foundation/Http/Kernel.php(176): Illuminate\\Pipeline\\Pipeline->then()
#42 /workspaces/vortice-pulse-app/vendor/laravel/framework/src/Illuminate/Foundation/Http/Kernel.php(145): Illuminate\\Foundation\\Http\\Kernel->sendRequestThroughRouter()
#43 /workspaces/vortice-pulse-app/vendor/laravel/framework/src/Illuminate/Foundation/Application.php(1220): Illuminate\\Foundation\\Http\\Kernel->handle()
#44 /workspaces/vortice-pulse-app/public/index.php(17): Illuminate\\Foundation\\Application->handleRequest()
#45 /workspaces/vortice-pulse-app/vendor/laravel/framework/src/Illuminate/Foundation/resources/server.php(23): require_once('...')
#46 {main}
"} 
[2026-07-18 00:31:56] production.ERROR: Please provide a valid cache path. {"exception":"[object] (InvalidArgumentException(code: 0): Please provide a valid cache path. at /workspaces/vortice-pulse-app/vendor/laravel/framework/src/Illuminate/View/Compilers/Compiler.php:67)
[stacktrace]
#0 /workspaces/vortice-pulse-app/vendor/laravel/framework/src/Illuminate/View/ViewServiceProvider.php(97): Illuminate\\View\\Compilers\\Compiler->__construct()
#1 /workspaces/vortice-pulse-app/vendor/laravel/framework/src/Illuminate/Container/Container.php(952): Illuminate\\View\\ViewServiceProvider->Illuminate\\View\\{closure}()
#2 /workspaces/vortice-pulse-app/vendor/laravel/framework/src/Illuminate/Container/Container.php(832): Illuminate\\Container\\Container->build()
#3 /workspaces/vortice-pulse-app/vendor/laravel/framework/src/Illuminate/Foundation/Application.php(1078): Illuminate\\Container\\Container->resolve()
#4 /workspaces/vortice-pulse-app/vendor/laravel/framework/src/Illuminate/Container/Container.php(763): Illuminate\\Foundation\\Application->resolve()
#5 /workspaces/vortice-pulse-app/vendor/laravel/framework/src/Illuminate/Foundation/Application.php(1058): Illuminate\\Container\\Container->make()
#6 /workspaces/vortice-pulse-app/vendor/laravel/framework/src/Illuminate/View/ViewServiceProvider.php(168): Illuminate\\Foundation\\Application->make()
#7 [internal function]: Illuminate\\View\\ViewServiceProvider->Illuminate\\View\\{closure}()
#8 /workspaces/vortice-pulse-app/vendor/laravel/framework/src/Illuminate/View/Engines/EngineResolver.php(55): call_user_func()
#9 /workspaces/vortice-pulse-app/vendor/laravel/framework/src/Illuminate/View/Factory.php(326): Illuminate\\View\\Engines\\EngineResolver->resolve()
#10 /workspaces/vortice-pulse-app/vendor/laravel/framework/src/Illuminate/View/Factory.php(288): Illuminate\\View\\Factory->getEngineFromPath()
#11 /workspaces/vortice-pulse-app/vendor/laravel/framework/src/Illuminate/View/Factory.php(160): Illuminate\\View\\Factory->viewInstance()
#12 /workspaces/vortice-pulse-app/vendor/laravel/framework/src/Illuminate/Routing/ResponseFactory.php(90): Illuminate\\View\\Factory->make()
#13 /workspaces/vortice-pulse-app/vendor/laravel/framework/src/Illuminate/Foundation/Exceptions/Handler.php(894): Illuminate\\Routing\\ResponseFactory->view()
#14 /workspaces/vortice-pulse-app/vendor/laravel/framework/src/Illuminate/Foundation/Exceptions/Handler.php(815): Illuminate\\Foundation\\Exceptions\\Handler->renderHttpException()
#15 /workspaces/vortice-pulse-app/vendor/laravel/framework/src/Illuminate/Foundation/Exceptions/Handler.php(706): Illuminate\\Foundation\\Exceptions\\Handler->prepareResponse()
#16 /workspaces/vortice-pulse-app/vendor/laravel/framework/src/Illuminate/Foundation/Exceptions/Handler.php(594): Illuminate\\Foundation\\Exceptions\\Handler->renderExceptionResponse()
#17 /workspaces/vortice-pulse-app/vendor/laravel/framework/src/Illuminate/Routing/Pipeline.php(51): Illuminate\\Foundation\\Exceptions\\Handler->render()
#18 /workspaces/vortice-pulse-app/vendor/laravel/framework/src/Illuminate/Pipeline/Pipeline.php(214): Illuminate\\Routing\\Pipeline->handleException()
#19 /workspaces/vortice-pulse-app/vendor/laravel/framework/src/Illuminate/Pipeline/Pipeline.php(127): Illuminate\\Pipeline\\Pipeline->Illuminate\\Pipeline\\{closure}()
#20 /workspaces/vortice-pulse-app/vendor/laravel/framework/src/Illuminate/Routing/Router.php(807): Illuminate\\Pipeline\\Pipeline->then()
#21 /workspaces/vortice-pulse-app/vendor/laravel/framework/src/Illuminate/Routing/Router.php(786): Illuminate\\Routing\\Router->runRouteWithinStack()
#22 /workspaces/vortice-pulse-app/vendor/laravel/framework/src/Illuminate/Routing/Router.php(750): Illuminate\\Routing\\Router->runRoute()
#23 /workspaces/vortice-pulse-app/vendor/laravel/framework/src/Illuminate/Routing/Router.php(739): Illuminate\\Routing\\Router->dispatchToRoute()
#24 /workspaces/vortice-pulse-app/vendor/laravel/framework/src/Illuminate/Foundation/Http/Kernel.php(201): Illuminate\\Routing\\Router->dispatch()
#25 /workspaces/vortice-pulse-app/vendor/laravel/framework/src/Illuminate/Pipeline/Pipeline.php(170): Illuminate\\Foundation\\Http\\Kernel->Illuminate\\Foundation\\Http\\{closure}()
#26 /workspaces/vortice-pulse-app/vendor/laravel/framework/src/Illuminate/Foundation/Http/Middleware/TransformsRequest.php(21): Illuminate\\Pipeline\\Pipeline->Illuminate\\Pipeline\\{closure}()
#27 /workspaces/vortice-pulse-app/vendor/laravel/framework/src/Illuminate/Foundation/Http/Middleware/ConvertEmptyStringsToNull.php(31): Illuminate\\Foundation\\Http\\Middleware\\TransformsRequest->handle()
#28 /workspaces/vortice-pulse-app/vendor/laravel/framework/src/Illuminate/Pipeline/Pipeline.php(209): Illuminate\\Foundation\\Http\\Middleware\\ConvertEmptyStringsToNull->handle()
#29 /workspaces/vortice-pulse-app/vendor/laravel/framework/src/Illuminate/Foundation/Http/Middleware/TransformsRequest.php(21): Illuminate\\Pipeline\\Pipeline->Illuminate\\Pipeline\\{closure}()
#30 /workspaces/vortice-pulse-app/vendor/laravel/framework/src/Illuminate/Foundation/Http/Middleware/TrimStrings.php(51): Illuminate\\Foundation\\Http\\Middleware\\TransformsRequest->handle()
#31 /workspaces/vortice-pulse-app/vendor/laravel/framework/src/Illuminate/Pipeline/Pipeline.php(209): Illuminate\\Foundation\\Http\\Middleware\\TrimStrings->handle()
#32 /workspaces/vortice-pulse-app/vendor/laravel/framework/src/Illuminate/Http/Middleware/ValidatePostSize.php(27): Illuminate\\Pipeline\\Pipeline->Illuminate\\Pipeline\\{closure}()
#33 /workspaces/vortice-pulse-app/vendor/laravel/framework/src/Illuminate/Pipeline/Pipeline.php(209): Illuminate\\Http\\Middleware\\ValidatePostSize->handle()
#34 /workspaces/vortice-pulse-app/vendor/laravel/framework/src/Illuminate/Foundation/Http/Middleware/PreventRequestsDuringMaintenance.php(110): Illuminate\\Pipeline\\Pipeline->Illuminate\\Pipeline\\{closure}()
#35 /workspaces/vortice-pulse-app/vendor/laravel/framework/src/Illuminate/Pipeline/Pipeline.php(209): Illuminate\\Foundation\\Http\\Middleware\\PreventRequestsDuringMaintenance->handle()
#36 /workspaces/vortice-pulse-app/vendor/laravel/framework/src/Illuminate/Http/Middleware/HandleCors.php(49): Illuminate\\Pipeline\\Pipeline->Illuminate\\Pipeline\\{closure}()
#37 /workspaces/vortice-pulse-app/vendor/laravel/framework/src/Illuminate/Pipeline/Pipeline.php(209): Illuminate\\Http\\Middleware\\HandleCors->handle()
#38 /workspaces/vortice-pulse-app/vendor/laravel/framework/src/Illuminate/Http/Middleware/TrustProxies.php(58): Illuminate\\Pipeline\\Pipeline->Illuminate\\Pipeline\\{closure}()
#39 /workspaces/vortice-pulse-app/vendor/laravel/framework/src/Illuminate/Pipeline/Pipeline.php(209): Illuminate\\Http\\Middleware\\TrustProxies->handle()
#40 /workspaces/vortice-pulse-app/vendor/laravel/framework/src/Illuminate/Foundation/Http/Middleware/InvokeDeferredCallbacks.php(22): Illuminate\\Pipeline\\Pipeline->Illuminate\\Pipeline\\{closure}()
#41 /workspaces/vortice-pulse-app/vendor/laravel/framework/src/Illuminate/Pipeline/Pipeline.php(209): Illuminate\\Foundation\\Http\\Middleware\\InvokeDeferredCallbacks->handle()
#42 /workspaces/vortice-pulse-app/vendor/laravel/framework/src/Illuminate/Pipeline/Pipeline.php(127): Illuminate\\Pipeline\\Pipeline->Illuminate\\Pipeline\\{closure}()
#43 /workspaces/vortice-pulse-app/vendor/laravel/framework/src/Illuminate/Foundation/Http/Kernel.php(176): Illuminate\\Pipeline\\Pipeline->then()
#44 /workspaces/vortice-pulse-app/vendor/laravel/framework/src/Illuminate/Foundation/Http/Kernel.php(145): Illuminate\\Foundation\\Http\\Kernel->sendRequestThroughRouter()
#45 /workspaces/vortice-pulse-app/vendor/laravel/framework/src/Illuminate/Foundation/Application.php(1220): Illuminate\\Foundation\\Http\\Kernel->handle()
#46 /workspaces/vortice-pulse-app/public/index.php(17): Illuminate\\Foundation\\Application->handleRequest()
#47 /workspaces/vortice-pulse-app/vendor/laravel/framework/src/Illuminate/Foundation/resources/server.php(23): require_once('...')
#48 {main}
"} 
[2026-07-18 00:31:56] production.ERROR: No application encryption key has been specified. {"exception":"[object] (Illuminate\\Encryption\\MissingAppKeyException(code: 0): No application encryption key has been specified. at /workspaces/vortice-pulse-app/vendor/laravel/framework/src/Illuminate/Encryption/EncryptionServiceProvider.php:83)
[stacktrace]
#0 /workspaces/vortice-pulse-app/vendor/laravel/framework/src/Illuminate/Support/helpers.php(399): Illuminate\\Encryption\\EncryptionServiceProvider->Illuminate\\Encryption\\{closure}()
#1 /workspaces/vortice-pulse-app/vendor/laravel/framework/src/Illuminate/Encryption/EncryptionServiceProvider.php(81): tap()
#2 /workspaces/vortice-pulse-app/vendor/laravel/framework/src/Illuminate/Encryption/EncryptionServiceProvider.php(64): Illuminate\\Encryption\\EncryptionServiceProvider->key()
#3 /workspaces/vortice-pulse-app/vendor/laravel/framework/src/Illuminate/Encryption/EncryptionServiceProvider.php(32): Illuminate\\Encryption\\EncryptionServiceProvider->parseKey()
#4 /workspaces/vortice-pulse-app/vendor/laravel/framework/src/Illuminate/Container/Container.php(952): Illuminate\\Encryption\\EncryptionServiceProvider->Illuminate\\Encryption\\{closure}()
#5 /workspaces/vortice-pulse-app/vendor/laravel/framework/src/Illuminate/Container/Container.php(832): Illuminate\\Container\\Container->build()
#6 /workspaces/vortice-pulse-app/vendor/laravel/framework/src/Illuminate/Foundation/Application.php(1078): Illuminate\\Container\\Container->resolve()
#7 /workspaces/vortice-pulse-app/vendor/laravel/framework/src/Illuminate/Container/Container.php(763): Illuminate\\Foundation\\Application->resolve()
#8 /workspaces/vortice-pulse-app/vendor/laravel/framework/src/Illuminate/Foundation/Application.php(1058): Illuminate\\Container\\Container->make()
#9 /workspaces/vortice-pulse-app/vendor/laravel/framework/src/Illuminate/Container/Container.php(1133): Illuminate\\Foundation\\Application->make()
#10 /workspaces/vortice-pulse-app/vendor/laravel/framework/src/Illuminate/Container/Container.php(1043): Illuminate\\Container\\Container->resolveClass()
#11 /workspaces/vortice-pulse-app/vendor/laravel/framework/src/Illuminate/Container/Container.php(994): Illuminate\\Container\\Container->resolveDependencies()
#12 /workspaces/vortice-pulse-app/vendor/laravel/framework/src/Illuminate/Container/Container.php(832): Illuminate\\Container\\Container->build()
#13 /workspaces/vortice-pulse-app/vendor/laravel/framework/src/Illuminate/Foundation/Application.php(1078): Illuminate\\Container\\Container->resolve()
#14 /workspaces/vortice-pulse-app/vendor/laravel/framework/src/Illuminate/Container/Container.php(763): Illuminate\\Foundation\\Application->resolve()
#15 /workspaces/vortice-pulse-app/vendor/laravel/framework/src/Illuminate/Foundation/Application.php(1058): Illuminate\\Container\\Container->make()
#16 /workspaces/vortice-pulse-app/vendor/laravel/framework/src/Illuminate/Foundation/Http/Kernel.php(258): Illuminate\\Foundation\\Application->make()
#17 /workspaces/vortice-pulse-app/vendor/laravel/framework/src/Illuminate/Foundation/Http/Kernel.php(216): Illuminate\\Foundation\\Http\\Kernel->terminateMiddleware()
#18 /workspaces/vortice-pulse-app/vendor/laravel/framework/src/Illuminate/Foundation/Application.php(1222): Illuminate\\Foundation\\Http\\Kernel->terminate()
#19 /workspaces/vortice-pulse-app/public/index.php(17): Illuminate\\Foundation\\Application->handleRequest()
#20 /workspaces/vortice-pulse-app/vendor/laravel/framework/src/Illuminate/Foundation/resources/server.php(23): require_once('...')
#21 {main}
"} 
[2026-07-18 00:31:56] production.ERROR: Please provide a valid cache path. {"exception":"[object] (InvalidArgumentException(code: 0): Please provide a valid cache path. at /workspaces/vortice-pulse-app/vendor/laravel/framework/src/Illuminate/View/Compilers/Compiler.php:67)
[stacktrace]
#0 /workspaces/vortice-pulse-app/vendor/laravel/framework/src/Illuminate/View/ViewServiceProvider.php(97): Illuminate\\View\\Compilers\\Compiler->__construct()
#1 /workspaces/vortice-pulse-app/vendor/laravel/framework/src/Illuminate/Container/Container.php(952): Illuminate\\View\\ViewServiceProvider->Illuminate\\View\\{closure}()
#2 /workspaces/vortice-pulse-app/vendor/laravel/framework/src/Illuminate/Container/Container.php(832): Illuminate\\Container\\Container->build()
#3 /workspaces/vortice-pulse-app/vendor/laravel/framework/src/Illuminate/Foundation/Application.php(1078): Illuminate\\Container\\Container->resolve()
#4 /workspaces/vortice-pulse-app/vendor/laravel/framework/src/Illuminate/Container/Container.php(763): Illuminate\\Foundation\\Application->resolve()
#5 /workspaces/vortice-pulse-app/vendor/laravel/framework/src/Illuminate/Foundation/Application.php(1058): Illuminate\\Container\\Container->make()
#6 /workspaces/vortice-pulse-app/vendor/laravel/framework/src/Illuminate/View/ViewServiceProvider.php(168): Illuminate\\Foundation\\Application->make()
#7 [internal function]: Illuminate\\View\\ViewServiceProvider->Illuminate\\View\\{closure}()
#8 /workspaces/vortice-pulse-app/vendor/laravel/framework/src/Illuminate/View/Engines/EngineResolver.php(55): call_user_func()
#9 /workspaces/vortice-pulse-app/vendor/laravel/framework/src/Illuminate/View/Factory.php(319): Illuminate\\View\\Engines\\EngineResolver->resolve()
#10 /workspaces/vortice-pulse-app/vendor/laravel/framework/src/Illuminate/View/Factory.php(288): Illuminate\\View\\Factory->getEngineFromPath()
#11 /workspaces/vortice-pulse-app/vendor/laravel/framework/src/Illuminate/View/Factory.php(160): Illuminate\\View\\Factory->viewInstance()
#12 /workspaces/vortice-pulse-app/vendor/laravel/framework/src/Illuminate/Routing/ResponseFactory.php(90): Illuminate\\View\\Factory->make()
#13 /workspaces/vortice-pulse-app/vendor/laravel/framework/src/Illuminate/Foundation/Exceptions/Handler.php(894): Illuminate\\Routing\\ResponseFactory->view()
#14 /workspaces/vortice-pulse-app/vendor/laravel/framework/src/Illuminate/Foundation/Exceptions/Handler.php(815): Illuminate\\Foundation\\Exceptions\\Handler->renderHttpException()
#15 /workspaces/vortice-pulse-app/vendor/laravel/framework/src/Illuminate/Foundation/Exceptions/Handler.php(706): Illuminate\\Foundation\\Exceptions\\Handler->prepareResponse()
#16 /workspaces/vortice-pulse-app/vendor/laravel/framework/src/Illuminate/Foundation/Exceptions/Handler.php(594): Illuminate\\Foundation\\Exceptions\\Handler->renderExceptionResponse()
#17 /workspaces/vortice-pulse-app/vendor/laravel/framework/src/Illuminate/Foundation/Bootstrap/HandleExceptions.php(221): Illuminate\\Foundation\\Exceptions\\Handler->render()
#18 /workspaces/vortice-pulse-app/vendor/laravel/framework/src/Illuminate/Foundation/Bootstrap/HandleExceptions.php(198): Illuminate\\Foundation\\Bootstrap\\HandleExceptions->renderHttpResponse()
#19 /workspaces/vortice-pulse-app/vendor/laravel/framework/src/Illuminate/Foundation/Bootstrap/HandleExceptions.php(258): Illuminate\\Foundation\\Bootstrap\\HandleExceptions->handleException()
#20 [internal function]: Illuminate\\Foundation\\Bootstrap\\HandleExceptions->Illuminate\\Foundation\\Bootstrap\\{closure}()
#21 {main}
"} 
